"country_region","confirmed_cases","fatalities","a","b","c","new_t"
"Afghanistan",1092,36,1000,0.19,44.4507745244885,56
"Afghanistan",1176,40,1000,0.19,44.4507745244885,57
"Afghanistan",1279,42,1000,0.19,44.4507745244885,58
"Afghanistan",1351,43,1000,0.19,44.4507745244885,59
"Afghanistan",1463,47,1000,0.19,44.4507745244885,60
"Afghanistan",1531,50,1000,0.19,44.4507745244885,61
"Afghanistan",1703,57,1000,0.19,44.4507745244885,62
"Afghanistan",1828,58,1000,0.19,44.4507745244885,63
"Afghanistan",1939,60,1000,0.19,44.4507745244885,64
"Albania",609,26,500,0.18,21.6361478806059,42
"Albania",634,27,500,0.18,21.6361478806059,43
"Albania",663,27,500,0.18,21.6361478806059,44
"Albania",678,27,500,0.18,21.6361478806059,45
"Albania",712,27,500,0.18,21.6361478806059,46
"Albania",726,28,500,0.18,21.6361478806059,47
"Albania",736,28,500,0.18,21.6361478806059,48
"Albania",750,30,500,0.18,21.6361478806059,49
"Albania",766,30,500,0.18,21.6361478806059,50
"Algeria",2811,392,10000,0.09,63.954304362609,55
"Algeria",2910,402,10000,0.09,63.954304362609,56
"Algeria",3007,407,10000,0.09,63.954304362609,57
"Algeria",3127,415,10000,0.09,63.954304362609,58
"Algeria",3256,419,10000,0.09,63.954304362609,59
"Algeria",3382,425,10000,0.09,63.954304362609,60
"Algeria",3517,432,10000,0.09,63.954304362609,61
"Algeria",3649,437,10000,0.09,63.954304362609,62
"Algeria",3848,444,10000,0.09,63.954304362609,63
"Andorra",717,37,1000,0.11,35.833102089609,49
"Andorra",723,37,1000,0.11,35.833102089609,50
"Andorra",723,37,1000,0.11,35.833102089609,51
"Andorra",731,40,1000,0.11,35.833102089609,52
"Andorra",738,40,1000,0.11,35.833102089609,53
"Andorra",738,40,1000,0.11,35.833102089609,54
"Andorra",743,40,1000,0.11,35.833102089609,55
"Andorra",743,41,1000,0.11,35.833102089609,56
"Andorra",743,42,1000,0.11,35.833102089609,57
"Angola",24,2,100,0.07,40.3163324763391,26
"Angola",25,2,100,0.07,40.3163324763391,27
"Angola",25,2,100,0.07,40.3163324763391,28
"Angola",25,2,100,0.07,40.3163324763391,29
"Angola",25,2,100,0.07,40.3163324763391,30
"Angola",26,2,100,0.07,40.3163324763391,31
"Angola",27,2,100,0.07,40.3163324763391,32
"Angola",27,2,100,0.07,40.3163324763391,33
"Angola",27,2,100,0.07,40.3163324763391,34
"Antigua and Barbuda",23,3,100,0.07,51.0419682923197,38
"Antigua and Barbuda",24,3,100,0.07,51.0419682923197,39
"Antigua and Barbuda",24,3,100,0.07,51.0419682923197,40
"Antigua and Barbuda",24,3,100,0.07,51.0419682923197,41
"Antigua and Barbuda",24,3,100,0.07,51.0419682923197,42
"Antigua and Barbuda",24,3,100,0.07,51.0419682923197,43
"Antigua and Barbuda",24,3,100,0.07,51.0419682923197,44
"Antigua and Barbuda",24,3,100,0.07,51.0419682923197,45
"Antigua and Barbuda",24,3,100,0.07,51.0419682923197,46
"Argentina",3031,147,10000,0.08,57.2771256909891,48
"Argentina",3144,152,10000,0.08,57.2771256909891,49
"Argentina",3435,165,10000,0.08,57.2771256909891,50
"Argentina",3607,176,10000,0.08,57.2771256909891,51
"Argentina",3780,185,10000,0.08,57.2771256909891,52
"Argentina",3892,192,10000,0.08,57.2771256909891,53
"Argentina",4003,197,10000,0.08,57.2771256909891,54
"Argentina",4127,207,10000,0.08,57.2771256909891,55
"Argentina",4285,214,10000,0.08,57.2771256909891,56
"Armenia",1401,24,1000,0.24,28.6758966960788,50
"Armenia",1473,24,1000,0.24,28.6758966960788,51
"Armenia",1523,24,1000,0.24,28.6758966960788,52
"Armenia",1596,27,1000,0.24,28.6758966960788,53
"Armenia",1677,28,1000,0.24,28.6758966960788,54
"Armenia",1746,28,1000,0.24,28.6758966960788,55
"Armenia",1808,29,1000,0.24,28.6758966960788,56
"Armenia",1867,30,1000,0.24,28.6758966960788,57
"Armenia",1932,30,1000,0.24,28.6758966960788,58
"Australia",6547,67,10000,0.1,70.6911970165026,85
"Australia",6547,67,10000,0.1,70.6911970165026,86
"Australia",6661,75,10000,0.1,70.6911970165026,87
"Australia",6677,79,10000,0.1,70.6911970165026,88
"Australia",6694,80,10000,0.1,70.6911970165026,89
"Australia",6714,83,10000,0.1,70.6911970165026,90
"Australia",6721,83,10000,0.1,70.6911970165026,91
"Australia",6744,89,10000,0.1,70.6911970165026,92
"Australia",6752,91,10000,0.1,70.6911970165026,93
"Austria",14873,491,20000,0.11,38.0207052004142,55
"Austria",14925,510,20000,0.11,38.0207052004142,56
"Austria",15002,522,20000,0.11,38.0207052004142,57
"Austria",15071,530,20000,0.11,38.0207052004142,58
"Austria",15148,536,20000,0.11,38.0207052004142,59
"Austria",15225,542,20000,0.11,38.0207052004142,60
"Austria",15274,549,20000,0.11,38.0207052004142,61
"Austria",15357,569,20000,0.11,38.0207052004142,62
"Austria",15402,580,20000,0.11,38.0207052004142,63
"Azerbaijan",1480,20,10000,0.09,67.3466786210462,50
"Azerbaijan",1518,20,10000,0.09,67.3466786210462,51
"Azerbaijan",1548,20,10000,0.09,67.3466786210462,52
"Azerbaijan",1592,21,10000,0.09,67.3466786210462,53
"Azerbaijan",1617,21,10000,0.09,67.3466786210462,54
"Azerbaijan",1645,21,10000,0.09,67.3466786210462,55
"Azerbaijan",1678,22,10000,0.09,67.3466786210462,56
"Azerbaijan",1717,22,10000,0.09,67.3466786210462,57
"Azerbaijan",1766,23,10000,0.09,67.3466786210462,58
"Bahamas",65,9,100,0.1,20.7382610948515,26
"Bahamas",65,9,100,0.1,20.7382610948515,27
"Bahamas",72,11,100,0.1,20.7382610948515,28
"Bahamas",73,11,100,0.1,20.7382610948515,29
"Bahamas",78,11,100,0.1,20.7382610948515,30
"Bahamas",80,11,100,0.1,20.7382610948515,31
"Bahamas",80,11,100,0.1,20.7382610948515,32
"Bahamas",80,11,100,0.1,20.7382610948515,33
"Bahamas",80,11,100,0.1,20.7382610948515,34
"Bahrain",1973,7,20000,0.07,87.1205964746978,56
"Bahrain",2027,7,20000,0.07,87.1205964746978,57
"Bahrain",2217,8,20000,0.07,87.1205964746978,58
"Bahrain",2518,8,20000,0.07,87.1205964746978,59
"Bahrain",2588,8,20000,0.07,87.1205964746978,60
"Bahrain",2647,8,20000,0.07,87.1205964746978,61
"Bahrain",2723,8,20000,0.07,87.1205964746978,62
"Bahrain",2811,8,20000,0.07,87.1205964746978,63
"Bahrain",2921,8,20000,0.07,87.1205964746978,64
"Bangladesh",3382,110,10000,0.23,46.6787753173738,43
"Bangladesh",3772,120,10000,0.23,46.6787753173738,44
"Bangladesh",4186,127,10000,0.23,46.6787753173738,45
"Bangladesh",4689,131,10000,0.23,46.6787753173738,46
"Bangladesh",4998,140,10000,0.23,46.6787753173738,47
"Bangladesh",5416,145,10000,0.23,46.6787753173738,48
"Bangladesh",5913,152,10000,0.23,46.6787753173738,49
"Bangladesh",6462,155,10000,0.23,46.6787753173738,50
"Bangladesh",7103,163,10000,0.23,46.6787753173738,51
"Barbados",75,5,100,0.12,19.0919134454441,34
"Barbados",75,5,100,0.12,19.0919134454441,35
"Barbados",76,6,100,0.12,19.0919134454441,36
"Barbados",77,6,100,0.12,19.0919134454441,37
"Barbados",79,6,100,0.12,19.0919134454441,38
"Barbados",79,6,100,0.12,19.0919134454441,39
"Barbados",80,6,100,0.12,19.0919134454441,40
"Barbados",80,6,100,0.12,19.0919134454441,41
"Barbados",80,7,100,0.12,19.0919134454441,42
"Belarus",6723,55,10000,0.2,49.8764456233905,52
"Belarus",7281,58,10000,0.2,49.8764456233905,53
"Belarus",8022,60,10000,0.2,49.8764456233905,54
"Belarus",8773,63,10000,0.2,49.8764456233905,55
"Belarus",9590,67,10000,0.2,49.8764456233905,56
"Belarus",10463,72,10000,0.2,49.8764456233905,57
"Belarus",11289,75,10000,0.2,49.8764456233905,58
"Belarus",12208,79,10000,0.2,49.8764456233905,59
"Belarus",13181,84,10000,0.2,49.8764456233905,60
"Belgium",40956,5998,40000,0.17,61.164358693143,76
"Belgium",41889,6262,40000,0.17,61.164358693143,77
"Belgium",42797,6490,40000,0.17,61.164358693143,78
"Belgium",44293,6679,40000,0.17,61.164358693143,79
"Belgium",45325,6917,40000,0.17,61.164358693143,80
"Belgium",46134,7094,40000,0.17,61.164358693143,81
"Belgium",46687,7207,40000,0.17,61.164358693143,82
"Belgium",47334,7331,40000,0.17,61.164358693143,83
"Belgium",47859,7501,40000,0.17,61.164358693143,84
"Belize",18,2,100,0.1,38.1841088021777,26
"Belize",18,2,100,0.1,38.1841088021777,27
"Belize",18,2,100,0.1,38.1841088021777,28
"Belize",18,2,100,0.1,38.1841088021777,29
"Belize",18,2,100,0.1,38.1841088021777,30
"Belize",18,2,100,0.1,38.1841088021777,31
"Belize",18,2,100,0.1,38.1841088021777,32
"Belize",18,2,100,0.1,38.1841088021777,33
"Belize",18,2,100,0.1,38.1841088021777,34
"Benin",54,1,100,0.09,36.4954851522128,35
"Benin",54,1,100,0.09,36.4954851522128,36
"Benin",54,1,100,0.09,36.4954851522128,37
"Benin",54,1,100,0.09,36.4954851522128,38
"Benin",54,1,100,0.09,36.4954851522128,39
"Benin",64,1,100,0.09,36.4954851522128,40
"Benin",64,1,100,0.09,36.4954851522128,41
"Benin",64,1,100,0.09,36.4954851522128,42
"Benin",64,1,100,0.09,36.4954851522128,43
"Bhutan",6,0,100,0.06,86.4276656764684,45
"Bhutan",6,0,100,0.06,86.4276656764684,46
"Bhutan",7,0,100,0.06,86.4276656764684,47
"Bhutan",7,0,100,0.06,86.4276656764684,48
"Bhutan",7,0,100,0.06,86.4276656764684,49
"Bhutan",7,0,100,0.06,86.4276656764684,50
"Bhutan",7,0,100,0.06,86.4276656764684,51
"Bhutan",7,0,100,0.06,86.4276656764684,52
"Bhutan",7,0,100,0.06,86.4276656764684,53
"Bolivia",598,34,1000,0.13,38.0543513473893,40
"Bolivia",609,37,1000,0.13,38.0543513473893,41
"Bolivia",703,43,1000,0.13,38.0543513473893,42
"Bolivia",807,44,1000,0.13,38.0543513473893,43
"Bolivia",866,46,1000,0.13,38.0543513473893,44
"Bolivia",950,50,1000,0.13,38.0543513473893,45
"Bolivia",1014,53,1000,0.13,38.0543513473893,46
"Bolivia",1014,53,1000,0.13,38.0543513473893,47
"Bolivia",1110,59,1000,0.13,38.0543513473893,48
"Bosnia and Herzegovina",1342,51,10000,0.07,71.0382038184244,46
"Bosnia and Herzegovina",1368,53,10000,0.07,71.0382038184244,47
"Bosnia and Herzegovina",1413,54,10000,0.07,71.0382038184244,48
"Bosnia and Herzegovina",1421,55,10000,0.07,71.0382038184244,49
"Bosnia and Herzegovina",1486,57,10000,0.07,71.0382038184244,50
"Bosnia and Herzegovina",1516,59,10000,0.07,71.0382038184244,51
"Bosnia and Herzegovina",1565,60,10000,0.07,71.0382038184244,52
"Bosnia and Herzegovina",1585,63,10000,0.07,71.0382038184244,53
"Bosnia and Herzegovina",1677,65,10000,0.07,71.0382038184244,54
"Botswana",20,1,100,0.09,36.1138386746116,21
"Botswana",22,1,100,0.09,36.1138386746116,22
"Botswana",22,1,100,0.09,36.1138386746116,23
"Botswana",22,1,100,0.09,36.1138386746116,24
"Botswana",22,1,100,0.09,36.1138386746116,25
"Botswana",22,1,100,0.09,36.1138386746116,26
"Botswana",22,1,100,0.09,36.1138386746116,27
"Botswana",23,1,100,0.09,36.1138386746116,28
"Botswana",23,1,100,0.09,36.1138386746116,29
"Brazil",43079,2741,60000,0.15,49.2667063613896,54
"Brazil",45757,2906,60000,0.15,49.2667063613896,55
"Brazil",50036,3331,60000,0.15,49.2667063613896,56
"Brazil",54043,3704,60000,0.15,49.2667063613896,57
"Brazil",59324,4057,60000,0.15,49.2667063613896,58
"Brazil",63100,4286,60000,0.15,49.2667063613896,59
"Brazil",67446,4603,60000,0.15,49.2667063613896,60
"Brazil",73235,5083,60000,0.15,49.2667063613896,61
"Brazil",79685,5513,60000,0.15,49.2667063613896,62
"Brunei",138,1,500,0.03,66.8704890526113,42
"Brunei",138,1,500,0.03,66.8704890526113,43
"Brunei",138,1,500,0.03,66.8704890526113,44
"Brunei",138,1,500,0.03,66.8704890526113,45
"Brunei",138,1,500,0.03,66.8704890526113,46
"Brunei",138,1,500,0.03,66.8704890526113,47
"Brunei",138,1,500,0.03,66.8704890526113,48
"Brunei",138,1,500,0.03,66.8704890526113,49
"Brunei",138,1,500,0.03,66.8704890526113,50
"Bulgaria",975,45,1000,0.12,27.3035213098809,43
"Bulgaria",1024,49,1000,0.12,27.3035213098809,44
"Bulgaria",1097,52,1000,0.12,27.3035213098809,45
"Bulgaria",1234,54,1000,0.12,27.3035213098809,46
"Bulgaria",1247,55,1000,0.12,27.3035213098809,47
"Bulgaria",1300,56,1000,0.12,27.3035213098809,48
"Bulgaria",1363,58,1000,0.12,27.3035213098809,49
"Bulgaria",1399,58,1000,0.12,27.3035213098809,50
"Bulgaria",1447,64,1000,0.12,27.3035213098809,51
"Burkina Faso",600,38,500,0.21,20.5645569441127,41
"Burkina Faso",609,39,500,0.21,20.5645569441127,42
"Burkina Faso",616,41,500,0.21,20.5645569441127,43
"Burkina Faso",629,41,500,0.21,20.5645569441127,44
"Burkina Faso",629,41,500,0.21,20.5645569441127,45
"Burkina Faso",632,42,500,0.21,20.5645569441127,46
"Burkina Faso",635,42,500,0.21,20.5645569441127,47
"Burkina Faso",638,42,500,0.21,20.5645569441127,48
"Burkina Faso",641,43,500,0.21,20.5645569441127,49
"Burma",121,5,1000,0.13,39.0546650695457,24
"Burma",123,5,1000,0.13,39.0546650695457,25
"Burma",139,5,1000,0.13,39.0546650695457,26
"Burma",144,5,1000,0.13,39.0546650695457,27
"Burma",146,5,1000,0.13,39.0546650695457,28
"Burma",146,5,1000,0.13,39.0546650695457,29
"Burma",146,5,1000,0.13,39.0546650695457,30
"Burma",150,5,1000,0.13,39.0546650695457,31
"Burma",150,6,1000,0.13,39.0546650695457,32
"Burundi",5,1,100,0.05,75.3198979583028,20
"Burundi",11,1,100,0.05,75.3198979583028,21
"Burundi",11,1,100,0.05,75.3198979583028,22
"Burundi",11,1,100,0.05,75.3198979583028,23
"Burundi",11,1,100,0.05,75.3198979583028,24
"Burundi",11,1,100,0.05,75.3198979583028,25
"Burundi",11,1,100,0.05,75.3198979583028,26
"Burundi",11,1,100,0.05,75.3198979583028,27
"Burundi",11,1,100,0.05,75.3198979583028,28
"Cabo Verde",68,1,100,0.33,22.8938901279779,26
"Cabo Verde",73,1,100,0.33,22.8938901279779,27
"Cabo Verde",82,1,100,0.33,22.8938901279779,28
"Cabo Verde",88,1,100,0.33,22.8938901279779,29
"Cabo Verde",90,1,100,0.33,22.8938901279779,30
"Cabo Verde",106,1,100,0.33,22.8938901279779,31
"Cabo Verde",109,1,100,0.33,22.8938901279779,32
"Cabo Verde",114,1,100,0.33,22.8938901279779,33
"Cabo Verde",114,1,100,0.33,22.8938901279779,34
"Cambodia",122,0,100,0.5,52.6883024413644,84
"Cambodia",122,0,100,0.5,52.6883024413644,85
"Cambodia",122,0,100,0.5,52.6883024413644,86
"Cambodia",122,0,100,0.5,52.6883024413644,87
"Cambodia",122,0,100,0.5,52.6883024413644,88
"Cambodia",122,0,100,0.5,52.6883024413644,89
"Cambodia",122,0,100,0.5,52.6883024413644,90
"Cambodia",122,0,100,0.5,52.6883024413644,91
"Cambodia",122,0,100,0.5,52.6883024413644,92
"Cameroon",1163,43,1000,0.27,10.3058317434722,26
"Cameroon",1163,43,1000,0.27,10.3058317434722,27
"Cameroon",1334,43,1000,0.27,10.3058317434722,28
"Cameroon",1430,43,1000,0.27,10.3058317434722,29
"Cameroon",1518,53,1000,0.27,10.3058317434722,30
"Cameroon",1621,56,1000,0.27,10.3058317434722,31
"Cameroon",1705,58,1000,0.27,10.3058317434722,32
"Cameroon",1705,58,1000,0.27,10.3058317434722,33
"Cameroon",1832,61,1000,0.27,10.3058317434722,34
"Canada",39389,1909,40000,0.16,73.458619987563,85
"Canada",41650,2077,40000,0.16,73.458619987563,86
"Canada",43286,2240,40000,0.16,73.458619987563,87
"Canada",44056,2385,40000,0.16,73.458619987563,88
"Canada",45493,2548,40000,0.16,73.458619987563,89
"Canada",47147,2662,40000,0.16,73.458619987563,90
"Canada",49603,2840,40000,0.16,73.458619987563,91
"Canada",51137,2982,40000,0.16,73.458619987563,92
"Canada",52852,3154,40000,0.16,73.458619987563,93
"Central African Republic",14,0,100,0.06,66.50907318378,36
"Central African Republic",14,0,100,0.06,66.50907318378,37
"Central African Republic",16,0,100,0.06,66.50907318378,38
"Central African Republic",16,0,100,0.06,66.50907318378,39
"Central African Republic",16,0,100,0.06,66.50907318378,40
"Central African Republic",19,0,100,0.06,66.50907318378,41
"Central African Republic",19,0,100,0.06,66.50907318378,42
"Central African Republic",50,0,100,0.06,66.50907318378,43
"Central African Republic",50,0,100,0.06,66.50907318378,44
"Chad",33,0,100,0.12,30.9226054224959,26
"Chad",33,0,100,0.12,30.9226054224959,27
"Chad",33,0,100,0.12,30.9226054224959,28
"Chad",40,0,100,0.12,30.9226054224959,29
"Chad",46,0,100,0.12,30.9226054224959,30
"Chad",46,0,100,0.12,30.9226054224959,31
"Chad",46,0,100,0.12,30.9226054224959,32
"Chad",52,2,100,0.12,30.9226054224959,33
"Chad",52,2,100,0.12,30.9226054224959,34
"Chile",10832,147,10000,0.18,33.973835800288,48
"Chile",11296,160,10000,0.18,33.973835800288,49
"Chile",11812,168,10000,0.18,33.973835800288,50
"Chile",12306,174,10000,0.18,33.973835800288,51
"Chile",12858,181,10000,0.18,33.973835800288,52
"Chile",13331,189,10000,0.18,33.973835800288,53
"Chile",13813,198,10000,0.18,33.973835800288,54
"Chile",14365,207,10000,0.18,33.973835800288,55
"Chile",14885,216,10000,0.18,33.973835800288,56
"China",83853,4636,80000,0.21,18.1315000392581,89
"China",83868,4636,80000,0.21,18.1315000392581,90
"China",83884,4636,80000,0.21,18.1315000392581,91
"China",83899,4636,80000,0.21,18.1315000392581,92
"China",83909,4636,80000,0.21,18.1315000392581,93
"China",83912,4637,80000,0.21,18.1315000392581,94
"China",83918,4637,80000,0.21,18.1315000392581,95
"China",83940,4637,80000,0.21,18.1315000392581,96
"China",83944,4637,80000,0.21,18.1315000392581,97
"Colombia",4149,196,10000,0.1,47.9541644587285,45
"Colombia",4356,206,10000,0.1,47.9541644587285,46
"Colombia",4561,215,10000,0.1,47.9541644587285,47
"Colombia",4881,225,10000,0.1,47.9541644587285,48
"Colombia",5142,233,10000,0.1,47.9541644587285,49
"Colombia",5379,244,10000,0.1,47.9541644587285,50
"Colombia",5597,253,10000,0.1,47.9541644587285,51
"Colombia",5949,269,10000,0.1,47.9541644587285,52
"Colombia",6207,278,10000,0.1,47.9541644587285,53
"Congo (Brazzaville)",165,6,500,0.13,41.6499378725665,36
"Congo (Brazzaville)",186,6,500,0.13,41.6499378725665,37
"Congo (Brazzaville)",186,6,500,0.13,41.6499378725665,38
"Congo (Brazzaville)",200,6,500,0.13,41.6499378725665,39
"Congo (Brazzaville)",200,6,500,0.13,41.6499378725665,40
"Congo (Brazzaville)",200,6,500,0.13,41.6499378725665,41
"Congo (Brazzaville)",200,6,500,0.13,41.6499378725665,42
"Congo (Brazzaville)",207,8,500,0.13,41.6499378725665,43
"Congo (Brazzaville)",207,8,500,0.13,41.6499378725665,44
"Congo (Kinshasa)",350,25,500,0.11,33.5872099295995,40
"Congo (Kinshasa)",359,25,500,0.11,33.5872099295995,41
"Congo (Kinshasa)",377,25,500,0.11,33.5872099295995,42
"Congo (Kinshasa)",394,25,500,0.11,33.5872099295995,43
"Congo (Kinshasa)",416,28,500,0.11,33.5872099295995,44
"Congo (Kinshasa)",442,28,500,0.11,33.5872099295995,45
"Congo (Kinshasa)",459,28,500,0.11,33.5872099295995,46
"Congo (Kinshasa)",471,30,500,0.11,33.5872099295995,47
"Congo (Kinshasa)",491,30,500,0.11,33.5872099295995,48
"Costa Rica",669,6,1000,0.1,33.3626154719806,45
"Costa Rica",681,6,1000,0.1,33.3626154719806,46
"Costa Rica",686,6,1000,0.1,33.3626154719806,47
"Costa Rica",687,6,1000,0.1,33.3626154719806,48
"Costa Rica",693,6,1000,0.1,33.3626154719806,49
"Costa Rica",695,6,1000,0.1,33.3626154719806,50
"Costa Rica",697,6,1000,0.1,33.3626154719806,51
"Costa Rica",705,6,1000,0.1,33.3626154719806,52
"Costa Rica",713,6,1000,0.1,33.3626154719806,53
"Cote d'Ivoire",916,13,1000,0.16,30.604131204015,40
"Cote d'Ivoire",952,14,1000,0.16,30.604131204015,41
"Cote d'Ivoire",1004,14,1000,0.16,30.604131204015,42
"Cote d'Ivoire",1077,14,1000,0.16,30.604131204015,43
"Cote d'Ivoire",1077,14,1000,0.16,30.604131204015,44
"Cote d'Ivoire",1150,14,1000,0.16,30.604131204015,45
"Cote d'Ivoire",1164,14,1000,0.16,30.604131204015,46
"Cote d'Ivoire",1183,14,1000,0.16,30.604131204015,47
"Cote d'Ivoire",1238,14,1000,0.16,30.604131204015,48
"Croatia",1908,48,10000,0.07,72.1945723434289,55
"Croatia",1950,48,10000,0.07,72.1945723434289,56
"Croatia",1981,50,10000,0.07,72.1945723434289,57
"Croatia",2009,51,10000,0.07,72.1945723434289,58
"Croatia",2016,54,10000,0.07,72.1945723434289,59
"Croatia",2030,55,10000,0.07,72.1945723434289,60
"Croatia",2039,59,10000,0.07,72.1945723434289,61
"Croatia",2047,63,10000,0.07,72.1945723434289,62
"Croatia",2062,67,10000,0.07,72.1945723434289,63
"Cuba",1137,38,1000,0.22,27.132291209507,39
"Cuba",1189,40,1000,0.22,27.132291209507,40
"Cuba",1235,43,1000,0.22,27.132291209507,41
"Cuba",1285,49,1000,0.22,27.132291209507,42
"Cuba",1337,51,1000,0.22,27.132291209507,43
"Cuba",1369,54,1000,0.22,27.132291209507,44
"Cuba",1389,56,1000,0.22,27.132291209507,45
"Cuba",1437,58,1000,0.22,27.132291209507,46
"Cuba",1467,58,1000,0.22,27.132291209507,47
"Cyprus",784,12,1000,0.13,29.6046609470927,42
"Cyprus",790,13,1000,0.13,29.6046609470927,43
"Cyprus",795,13,1000,0.13,29.6046609470927,44
"Cyprus",804,14,1000,0.13,29.6046609470927,45
"Cyprus",810,14,1000,0.13,29.6046609470927,46
"Cyprus",817,14,1000,0.13,29.6046609470927,47
"Cyprus",822,15,1000,0.13,29.6046609470927,48
"Cyprus",837,15,1000,0.13,29.6046609470927,49
"Cyprus",843,15,1000,0.13,29.6046609470927,50
"Czechia",7033,201,10000,0.09,14.1520460309811,26
"Czechia",7132,208,10000,0.09,14.1520460309811,27
"Czechia",7187,210,10000,0.09,14.1520460309811,28
"Czechia",7273,214,10000,0.09,14.1520460309811,29
"Czechia",7352,218,10000,0.09,14.1520460309811,30
"Czechia",7404,220,10000,0.09,14.1520460309811,31
"Czechia",7445,223,10000,0.09,14.1520460309811,32
"Czechia",7504,227,10000,0.09,14.1520460309811,33
"Czechia",7579,227,10000,0.09,14.1520460309811,34
"Denmark",7891,370,10000,0.11,40.0851887810717,53
"Denmark",8108,384,10000,0.11,40.0851887810717,54
"Denmark",8271,394,10000,0.11,40.0851887810717,55
"Denmark",8408,403,10000,0.11,40.0851887810717,56
"Denmark",8643,418,10000,0.11,40.0851887810717,57
"Denmark",8773,422,10000,0.11,40.0851887810717,58
"Denmark",8896,427,10000,0.11,40.0851887810717,59
"Denmark",9049,434,10000,0.11,40.0851887810717,60
"Denmark",9206,443,10000,0.11,40.0851887810717,61
"Djibouti",945,2,1000,0.35,28.0831192586577,33
"Djibouti",974,2,1000,0.35,28.0831192586577,34
"Djibouti",986,2,1000,0.35,28.0831192586577,35
"Djibouti",999,2,1000,0.35,28.0831192586577,36
"Djibouti",1008,2,1000,0.35,28.0831192586577,37
"Djibouti",1023,2,1000,0.35,28.0831192586577,38
"Djibouti",1035,2,1000,0.35,28.0831192586577,39
"Djibouti",1072,2,1000,0.35,28.0831192586577,40
"Djibouti",1077,2,1000,0.35,28.0831192586577,41
"Dominica",16,0,100,0.03,74.8529796377294,26
"Dominica",16,0,100,0.03,74.8529796377294,27
"Dominica",16,0,100,0.03,74.8529796377294,28
"Dominica",16,0,100,0.03,74.8529796377294,29
"Dominica",16,0,100,0.03,74.8529796377294,30
"Dominica",16,0,100,0.03,74.8529796377294,31
"Dominica",16,0,100,0.03,74.8529796377294,32
"Dominica",16,0,100,0.03,74.8529796377294,33
"Dominica",16,0,100,0.03,74.8529796377294,34
"Dominican Republic",5044,245,10000,0.11,50.1010765705052,50
"Dominican Republic",5300,260,10000,0.11,50.1010765705052,51
"Dominican Republic",5543,265,10000,0.11,50.1010765705052,52
"Dominican Republic",5749,267,10000,0.11,50.1010765705052,53
"Dominican Republic",5926,273,10000,0.11,50.1010765705052,54
"Dominican Republic",6135,278,10000,0.11,50.1010765705052,55
"Dominican Republic",6293,282,10000,0.11,50.1010765705052,56
"Dominican Republic",6416,286,10000,0.11,50.1010765705052,57
"Dominican Republic",6652,293,10000,0.11,50.1010765705052,58
"Ecuador",10398,520,10000,0.18,37.211009584738,50
"Ecuador",10850,537,10000,0.18,37.211009584738,51
"Ecuador",11183,560,10000,0.18,37.211009584738,52
"Ecuador",22719,576,10000,0.18,37.211009584738,53
"Ecuador",22719,576,10000,0.18,37.211009584738,54
"Ecuador",22719,576,10000,0.18,37.211009584738,55
"Ecuador",23240,663,10000,0.18,37.211009584738,56
"Ecuador",24258,871,10000,0.18,37.211009584738,57
"Ecuador",24675,883,10000,0.18,37.211009584738,58
"Egypt",3490,264,10000,0.09,73.3386602129144,66
"Egypt",3659,276,10000,0.09,73.3386602129144,67
"Egypt",3891,287,10000,0.09,73.3386602129144,68
"Egypt",4092,294,10000,0.09,73.3386602129144,69
"Egypt",4319,307,10000,0.09,73.3386602129144,70
"Egypt",4534,317,10000,0.09,73.3386602129144,71
"Egypt",4782,337,10000,0.09,73.3386602129144,72
"Egypt",5042,359,10000,0.09,73.3386602129144,73
"Egypt",5268,380,10000,0.09,73.3386602129144,74
"El Salvador",225,7,500,0.12,27.5587396790356,26
"El Salvador",237,7,500,0.12,27.5587396790356,27
"El Salvador",250,8,500,0.12,27.5587396790356,28
"El Salvador",274,8,500,0.12,27.5587396790356,29
"El Salvador",274,8,500,0.12,27.5587396790356,30
"El Salvador",298,8,500,0.12,27.5587396790356,31
"El Salvador",323,8,500,0.12,27.5587396790356,32
"El Salvador",345,8,500,0.12,27.5587396790356,33
"El Salvador",377,9,500,0.12,27.5587396790356,34
"Equatorial Guinea",83,0,50000,0.12,88.9533446682184,36
"Equatorial Guinea",84,1,50000,0.12,88.9533446682184,37
"Equatorial Guinea",84,1,50000,0.12,88.9533446682184,38
"Equatorial Guinea",214,1,50000,0.12,88.9533446682184,39
"Equatorial Guinea",258,1,50000,0.12,88.9533446682184,40
"Equatorial Guinea",258,1,50000,0.12,88.9533446682184,41
"Equatorial Guinea",258,1,50000,0.12,88.9533446682184,42
"Equatorial Guinea",315,1,50000,0.12,88.9533446682184,43
"Equatorial Guinea",315,1,50000,0.12,88.9533446682184,44
"Eritrea",39,0,100,0.07,28.8434800265458,26
"Eritrea",39,0,100,0.07,28.8434800265458,27
"Eritrea",39,0,100,0.07,28.8434800265458,28
"Eritrea",39,0,100,0.07,28.8434800265458,29
"Eritrea",39,0,100,0.07,28.8434800265458,30
"Eritrea",39,0,100,0.07,28.8434800265458,31
"Eritrea",39,0,100,0.07,28.8434800265458,32
"Eritrea",39,0,100,0.07,28.8434800265458,33
"Eritrea",39,0,100,0.07,28.8434800265458,34
"Estonia",1552,43,10000,0.06,77.6610629562666,53
"Estonia",1559,44,10000,0.06,77.6610629562666,54
"Estonia",1592,45,10000,0.06,77.6610629562666,55
"Estonia",1605,46,10000,0.06,77.6610629562666,56
"Estonia",1635,46,10000,0.06,77.6610629562666,57
"Estonia",1643,49,10000,0.06,77.6610629562666,58
"Estonia",1647,50,10000,0.06,77.6610629562666,59
"Estonia",1660,50,10000,0.06,77.6610629562666,60
"Estonia",1666,50,10000,0.06,77.6610629562666,61
"Eswatini",31,1,500,0.06,88.0060796717484,37
"Eswatini",31,1,500,0.06,88.0060796717484,38
"Eswatini",31,1,500,0.06,88.0060796717484,39
"Eswatini",36,1,500,0.06,88.0060796717484,40
"Eswatini",56,1,500,0.06,88.0060796717484,41
"Eswatini",59,1,500,0.06,88.0060796717484,42
"Eswatini",65,1,500,0.06,88.0060796717484,43
"Eswatini",71,1,500,0.06,88.0060796717484,44
"Eswatini",91,1,500,0.06,88.0060796717484,45
"Ethiopia",114,3,500,0.09,50.5904894717892,38
"Ethiopia",116,3,500,0.09,50.5904894717892,39
"Ethiopia",116,3,500,0.09,50.5904894717892,40
"Ethiopia",117,3,500,0.09,50.5904894717892,41
"Ethiopia",122,3,500,0.09,50.5904894717892,42
"Ethiopia",123,3,500,0.09,50.5904894717892,43
"Ethiopia",124,3,500,0.09,50.5904894717892,44
"Ethiopia",126,3,500,0.09,50.5904894717892,45
"Ethiopia",130,3,500,0.09,50.5904894717892,46
"Fiji",18,0,100,0.05,53.9775953653871,26
"Fiji",18,0,100,0.05,53.9775953653871,27
"Fiji",18,0,100,0.05,53.9775953653871,28
"Fiji",18,0,100,0.05,53.9775953653871,29
"Fiji",18,0,100,0.05,53.9775953653871,30
"Fiji",18,0,100,0.05,53.9775953653871,31
"Fiji",18,0,100,0.05,53.9775953653871,32
"Fiji",18,0,100,0.05,53.9775953653871,33
"Fiji",18,0,100,0.05,53.9775953653871,34
"Finland",4014,141,10000,0.08,85.7284436839953,82
"Finland",4129,149,10000,0.08,85.7284436839953,83
"Finland",4284,172,10000,0.08,85.7284436839953,84
"Finland",4395,177,10000,0.08,85.7284436839953,85
"Finland",4475,186,10000,0.08,85.7284436839953,86
"Finland",4576,190,10000,0.08,85.7284436839953,87
"Finland",4695,193,10000,0.08,85.7284436839953,88
"Finland",4740,199,10000,0.08,85.7284436839953,89
"Finland",4906,206,10000,0.08,85.7284436839953,90
"France",159297,20829,160000,0.19,70.6108807943809,87
"France",157125,21373,160000,0.19,70.6108807943809,88
"France",159460,21889,160000,0.19,70.6108807943809,89
"France",159952,22279,160000,0.19,70.6108807943809,90
"France",161644,22648,160000,0.19,70.6108807943809,91
"France",162220,22890,160000,0.19,70.6108807943809,92
"France",165963,23327,160000,0.19,70.6108807943809,93
"France",169053,23694,160000,0.19,70.6108807943809,94
"France",166543,24121,160000,0.19,70.6108807943809,95
"Gabon",156,1,500,0.13,45.3551468063324,37
"Gabon",166,1,500,0.13,45.3551468063324,38
"Gabon",167,2,500,0.13,45.3551468063324,39
"Gabon",172,3,500,0.13,45.3551468063324,40
"Gabon",176,3,500,0.13,45.3551468063324,41
"Gabon",176,3,500,0.13,45.3551468063324,42
"Gabon",211,3,500,0.13,45.3551468063324,43
"Gabon",238,3,500,0.13,45.3551468063324,44
"Gabon",276,3,500,0.13,45.3551468063324,45
"Gambia",10,1,100,0.06,61.1735022085854,26
"Gambia",10,1,100,0.06,61.1735022085854,27
"Gambia",10,1,100,0.06,61.1735022085854,28
"Gambia",10,1,100,0.06,61.1735022085854,29
"Gambia",10,1,100,0.06,61.1735022085854,30
"Gambia",10,1,100,0.06,61.1735022085854,31
"Gambia",10,1,100,0.06,61.1735022085854,32
"Gambia",10,1,100,0.06,61.1735022085854,33
"Gambia",10,1,100,0.06,61.1735022085854,34
"Georgia",408,4,1000,0.09,57.2939896680479,54
"Georgia",416,5,1000,0.09,57.2939896680479,55
"Georgia",425,5,1000,0.09,57.2939896680479,56
"Georgia",444,5,1000,0.09,57.2939896680479,57
"Georgia",456,5,1000,0.09,57.2939896680479,58
"Georgia",486,6,1000,0.09,57.2939896680479,59
"Georgia",497,6,1000,0.09,57.2939896680479,60
"Georgia",511,6,1000,0.09,57.2939896680479,61
"Georgia",517,6,1000,0.09,57.2939896680479,62
"Germany",148291,5033,150000,0.16,64.6719023390114,84
"Germany",150648,5279,150000,0.16,64.6719023390114,85
"Germany",153129,5575,150000,0.16,64.6719023390114,86
"Germany",154999,5760,150000,0.16,64.6719023390114,87
"Germany",156513,5877,150000,0.16,64.6719023390114,88
"Germany",157770,5976,150000,0.16,64.6719023390114,89
"Germany",158758,6126,150000,0.16,64.6719023390114,90
"Germany",159912,6314,150000,0.16,64.6719023390114,91
"Germany",161539,6467,150000,0.16,64.6719023390114,92
"Ghana",1042,9,30000,0.1,70.2600227388765,37
"Ghana",1154,9,30000,0.1,70.2600227388765,38
"Ghana",1154,9,30000,0.1,70.2600227388765,39
"Ghana",1279,10,30000,0.1,70.2600227388765,40
"Ghana",1279,10,30000,0.1,70.2600227388765,41
"Ghana",1550,11,30000,0.1,70.2600227388765,42
"Ghana",1550,11,30000,0.1,70.2600227388765,43
"Ghana",1671,16,30000,0.1,70.2600227388765,44
"Ghana",1671,16,30000,0.1,70.2600227388765,45
"Greece",2401,121,10000,0.06,69.3916257879354,54
"Greece",2408,121,10000,0.06,69.3916257879354,55
"Greece",2463,125,10000,0.06,69.3916257879354,56
"Greece",2490,130,10000,0.06,69.3916257879354,57
"Greece",2506,130,10000,0.06,69.3916257879354,58
"Greece",2517,134,10000,0.06,69.3916257879354,59
"Greece",2534,136,10000,0.06,69.3916257879354,60
"Greece",2566,138,10000,0.06,69.3916257879354,61
"Greece",2576,139,10000,0.06,69.3916257879354,62
"Grenada",14,0,100,0.03,82.0531411977287,26
"Grenada",15,0,100,0.03,82.0531411977287,27
"Grenada",15,0,100,0.03,82.0531411977287,28
"Grenada",15,0,100,0.03,82.0531411977287,29
"Grenada",18,0,100,0.03,82.0531411977287,30
"Grenada",18,0,100,0.03,82.0531411977287,31
"Grenada",18,0,100,0.03,82.0531411977287,32
"Grenada",19,0,100,0.03,82.0531411977287,33
"Grenada",20,0,100,0.03,82.0531411977287,34
"Guatemala",294,7,1000,0.11,45.5958193116037,37
"Guatemala",316,8,1000,0.11,45.5958193116037,38
"Guatemala",384,11,1000,0.11,45.5958193116037,39
"Guatemala",430,11,1000,0.11,45.5958193116037,40
"Guatemala",473,13,1000,0.11,45.5958193116037,41
"Guatemala",500,15,1000,0.11,45.5958193116037,42
"Guatemala",530,15,1000,0.11,45.5958193116037,43
"Guatemala",530,15,1000,0.11,45.5958193116037,44
"Guatemala",557,16,1000,0.11,45.5958193116037,45
"Guinea",688,6,1000,0.18,35.3124224404764,38
"Guinea",761,6,1000,0.18,35.3124224404764,39
"Guinea",862,6,1000,0.18,35.3124224404764,40
"Guinea",954,6,1000,0.18,35.3124224404764,41
"Guinea",996,7,1000,0.18,35.3124224404764,42
"Guinea",996,7,1000,0.18,35.3124224404764,43
"Guinea",1163,7,1000,0.18,35.3124224404764,44
"Guinea",1240,7,1000,0.18,35.3124224404764,45
"Guinea",1351,7,1000,0.18,35.3124224404764,46
"Guinea-Bissau",50,0,100,0.11,24.0654039427215,26
"Guinea-Bissau",50,0,100,0.11,24.0654039427215,27
"Guinea-Bissau",50,0,100,0.11,24.0654039427215,28
"Guinea-Bissau",52,0,100,0.11,24.0654039427215,29
"Guinea-Bissau",52,0,100,0.11,24.0654039427215,30
"Guinea-Bissau",53,1,100,0.11,24.0654039427215,31
"Guinea-Bissau",73,1,100,0.11,24.0654039427215,32
"Guinea-Bissau",73,1,100,0.11,24.0654039427215,33
"Guinea-Bissau",205,1,100,0.11,24.0654039427215,34
"Guyana",66,7,100,0.12,32.8752717403875,39
"Guyana",67,7,100,0.12,32.8752717403875,40
"Guyana",70,7,100,0.12,32.8752717403875,41
"Guyana",73,7,100,0.12,32.8752717403875,42
"Guyana",73,7,100,0.12,32.8752717403875,43
"Guyana",74,8,100,0.12,32.8752717403875,44
"Guyana",74,8,100,0.12,32.8752717403875,45
"Guyana",74,8,100,0.12,32.8752717403875,46
"Guyana",78,8,100,0.12,32.8752717403875,47
"Haiti",57,3,100,0.09,25.2789043452698,26
"Haiti",62,4,100,0.09,25.2789043452698,27
"Haiti",72,5,100,0.09,25.2789043452698,28
"Haiti",72,6,100,0.09,25.2789043452698,29
"Haiti",72,6,100,0.09,25.2789043452698,30
"Haiti",74,6,100,0.09,25.2789043452698,31
"Haiti",76,6,100,0.09,25.2789043452698,32
"Haiti",76,6,100,0.09,25.2789043452698,33
"Haiti",76,6,100,0.09,25.2789043452698,34
"Holy See",9,0,100,0.05,87.0093214169589,45
"Holy See",9,0,100,0.05,87.0093214169589,46
"Holy See",9,0,100,0.05,87.0093214169589,47
"Holy See",9,0,100,0.05,87.0093214169589,48
"Holy See",9,0,100,0.05,87.0093214169589,49
"Holy See",9,0,100,0.05,87.0093214169589,50
"Holy See",9,0,100,0.05,87.0093214169589,51
"Holy See",10,0,100,0.05,87.0093214169589,52
"Holy See",10,0,100,0.05,87.0093214169589,53
"Honduras",494,46,500,0.19,24.6148972263897,40
"Honduras",510,46,500,0.19,24.6148972263897,41
"Honduras",519,47,500,0.19,24.6148972263897,42
"Honduras",591,55,500,0.19,24.6148972263897,43
"Honduras",627,59,500,0.19,24.6148972263897,44
"Honduras",627,59,500,0.19,24.6148972263897,45
"Honduras",661,61,500,0.19,24.6148972263897,46
"Honduras",702,64,500,0.19,24.6148972263897,47
"Honduras",738,66,500,0.19,24.6148972263897,48
"Hungary",2098,213,10000,0.09,60.940212943911,47
"Hungary",2168,225,10000,0.09,60.940212943911,48
"Hungary",2284,239,10000,0.09,60.940212943911,49
"Hungary",2443,262,10000,0.09,60.940212943911,50
"Hungary",2443,262,10000,0.09,60.940212943911,51
"Hungary",2500,272,10000,0.09,60.940212943911,52
"Hungary",2583,280,10000,0.09,60.940212943911,53
"Hungary",2649,291,10000,0.09,60.940212943911,54
"Hungary",2727,300,10000,0.09,60.940212943911,55
"Iceland",1778,10,10000,0.05,77.488163483317,52
"Iceland",1785,10,10000,0.05,77.488163483317,53
"Iceland",1789,10,10000,0.05,77.488163483317,54
"Iceland",1789,10,10000,0.05,77.488163483317,55
"Iceland",1790,10,10000,0.05,77.488163483317,56
"Iceland",1792,10,10000,0.05,77.488163483317,57
"Iceland",1792,10,10000,0.05,77.488163483317,58
"Iceland",1795,10,10000,0.05,77.488163483317,59
"Iceland",1797,10,10000,0.05,77.488163483317,60
"India",20080,645,30000,0.16,78.0970756050143,81
"India",21370,681,30000,0.16,78.0970756050143,82
"India",23077,721,30000,0.16,78.0970756050143,83
"India",24530,780,30000,0.16,78.0970756050143,84
"India",26283,825,30000,0.16,78.0970756050143,85
"India",27890,881,30000,0.16,78.0970756050143,86
"India",29451,939,30000,0.16,78.0970756050143,87
"India",31324,1008,30000,0.16,78.0970756050143,88
"India",33062,1079,30000,0.16,78.0970756050143,89
"Indonesia",7135,616,10000,0.13,43.2612156220219,49
"Indonesia",7418,635,10000,0.13,43.2612156220219,50
"Indonesia",7775,647,10000,0.13,43.2612156220219,51
"Indonesia",8211,689,10000,0.13,43.2612156220219,52
"Indonesia",8607,720,10000,0.13,43.2612156220219,53
"Indonesia",8882,743,10000,0.13,43.2612156220219,54
"Indonesia",9096,765,10000,0.13,43.2612156220219,55
"Indonesia",9511,773,10000,0.13,43.2612156220219,56
"Indonesia",9771,784,10000,0.13,43.2612156220219,57
"Iran",84802,5297,90000,0.12,41.1888687249851,61
"Iran",85996,5391,90000,0.12,41.1888687249851,62
"Iran",87026,5481,90000,0.12,41.1888687249851,63
"Iran",88194,5574,90000,0.12,41.1888687249851,64
"Iran",89328,5650,90000,0.12,41.1888687249851,65
"Iran",90481,5710,90000,0.12,41.1888687249851,66
"Iran",91472,5806,90000,0.12,41.1888687249851,67
"Iran",92584,5877,90000,0.12,41.1888687249851,68
"Iran",93657,5957,90000,0.12,41.1888687249851,69
"Iraq",1602,83,10000,0.06,81.1309110142867,56
"Iraq",1631,83,10000,0.06,81.1309110142867,57
"Iraq",1677,83,10000,0.06,81.1309110142867,58
"Iraq",1708,86,10000,0.06,81.1309110142867,59
"Iraq",1763,86,10000,0.06,81.1309110142867,60
"Iraq",1820,87,10000,0.06,81.1309110142867,61
"Iraq",1847,88,10000,0.06,81.1309110142867,62
"Iraq",1928,90,10000,0.06,81.1309110142867,63
"Iraq",2003,92,10000,0.06,81.1309110142867,64
"Ireland",16040,730,30000,0.12,49.3819641595895,51
"Ireland",16671,769,30000,0.12,49.3819641595895,52
"Ireland",17607,794,30000,0.12,49.3819641595895,53
"Ireland",18184,1014,30000,0.12,49.3819641595895,54
"Ireland",18561,1063,30000,0.12,49.3819641595895,55
"Ireland",19262,1087,30000,0.12,49.3819641595895,56
"Ireland",19648,1102,30000,0.12,49.3819641595895,57
"Ireland",19877,1159,30000,0.12,49.3819641595895,58
"Ireland",20253,1190,30000,0.12,49.3819641595895,59
"Israel",13942,184,20000,0.11,49.060475580662,59
"Israel",14498,189,20000,0.11,49.060475580662,60
"Israel",14803,192,20000,0.11,49.060475580662,61
"Israel",15058,194,20000,0.11,49.060475580662,62
"Israel",15298,199,20000,0.11,49.060475580662,63
"Israel",15443,201,20000,0.11,49.060475580662,64
"Israel",15555,204,20000,0.11,49.060475580662,65
"Israel",15728,210,20000,0.11,49.060475580662,66
"Israel",15834,215,20000,0.11,49.060475580662,67
"Italy",183957,24648,180000,0.13,57.3078900174108,80
"Italy",187327,25085,180000,0.13,57.3078900174108,81
"Italy",189973,25549,180000,0.13,57.3078900174108,82
"Italy",192994,25969,180000,0.13,57.3078900174108,83
"Italy",195351,26384,180000,0.13,57.3078900174108,84
"Italy",197675,26644,180000,0.13,57.3078900174108,85
"Italy",199414,26977,180000,0.13,57.3078900174108,86
"Italy",201505,27359,180000,0.13,57.3078900174108,87
"Italy",203591,27682,180000,0.13,57.3078900174108,88
"Jamaica",223,6,10000,0.09,83.9279830667065,40
"Jamaica",233,6,10000,0.09,83.9279830667065,41
"Jamaica",257,6,10000,0.09,83.9279830667065,42
"Jamaica",288,7,10000,0.09,83.9279830667065,43
"Jamaica",305,7,10000,0.09,83.9279830667065,44
"Jamaica",350,7,10000,0.09,83.9279830667065,45
"Jamaica",364,7,10000,0.09,83.9279830667065,46
"Jamaica",364,7,10000,0.09,83.9279830667065,47
"Jamaica",396,7,10000,0.09,83.9279830667065,48
"Japan",11135,263,20000,0.12,86.9856424568145,89
"Japan",11512,281,20000,0.12,86.9856424568145,90
"Japan",12368,328,20000,0.12,86.9856424568145,91
"Japan",12829,345,20000,0.12,86.9856424568145,92
"Japan",13231,360,20000,0.12,86.9856424568145,93
"Japan",13441,372,20000,0.12,86.9856424568145,94
"Japan",14153,385,20000,0.12,86.9856424568145,95
"Japan",13736,394,20000,0.12,86.9856424568145,96
"Japan",13895,413,20000,0.12,86.9856424568145,97
"Jordan",428,7,500,0.13,28.1576439802789,48
"Jordan",435,7,500,0.13,28.1576439802789,49
"Jordan",437,7,500,0.13,28.1576439802789,50
"Jordan",441,7,500,0.13,28.1576439802789,51
"Jordan",444,7,500,0.13,28.1576439802789,52
"Jordan",447,7,500,0.13,28.1576439802789,53
"Jordan",449,7,500,0.13,28.1576439802789,54
"Jordan",449,8,500,0.13,28.1576439802789,55
"Jordan",451,8,500,0.13,28.1576439802789,56
"Kazakhstan",1995,19,10000,0.1,52.2710822337926,38
"Kazakhstan",2135,19,10000,0.1,52.2710822337926,39
"Kazakhstan",2289,20,10000,0.1,52.2710822337926,40
"Kazakhstan",2482,25,10000,0.1,52.2710822337926,41
"Kazakhstan",2601,25,10000,0.1,52.2710822337926,42
"Kazakhstan",2717,25,10000,0.1,52.2710822337926,43
"Kazakhstan",2835,25,10000,0.1,52.2710822337926,44
"Kazakhstan",3027,25,10000,0.1,52.2710822337926,45
"Kazakhstan",3138,25,10000,0.1,52.2710822337926,46
"Kenya",296,14,500,0.11,33.9801618055088,38
"Kenya",303,14,500,0.11,33.9801618055088,39
"Kenya",320,14,500,0.11,33.9801618055088,40
"Kenya",336,14,500,0.11,33.9801618055088,41
"Kenya",343,14,500,0.11,33.9801618055088,42
"Kenya",355,14,500,0.11,33.9801618055088,43
"Kenya",363,14,500,0.11,33.9801618055088,44
"Kenya",374,14,500,0.11,33.9801618055088,45
"Kenya",384,15,500,0.11,33.9801618055088,46
"Korea, South",10683,237,10000,0.19,42.3533031233014,89
"Korea, South",10694,238,10000,0.19,42.3533031233014,90
"Korea, South",10708,240,10000,0.19,42.3533031233014,91
"Korea, South",10718,240,10000,0.19,42.3533031233014,92
"Korea, South",10728,242,10000,0.19,42.3533031233014,93
"Korea, South",10738,243,10000,0.19,42.3533031233014,94
"Korea, South",10752,244,10000,0.19,42.3533031233014,95
"Korea, South",10761,246,10000,0.19,42.3533031233014,96
"Korea, South",10765,247,10000,0.19,42.3533031233014,97
"Kosovo",510,12,10000,0.09,56.0880341821446,25
"Kosovo",510,12,10000,0.09,56.0880341821446,26
"Kosovo",510,12,10000,0.09,56.0880341821446,27
"Kosovo",510,12,10000,0.09,56.0880341821446,28
"Kosovo",510,12,10000,0.09,56.0880341821446,29
"Kosovo",510,12,10000,0.09,56.0880341821446,30
"Kosovo",510,12,10000,0.09,56.0880341821446,31
"Kosovo",510,12,10000,0.09,56.0880341821446,32
"Kosovo",510,12,10000,0.09,56.0880341821446,33
"Kuwait",2080,11,10000,0.09,71.0941245879484,56
"Kuwait",2248,13,10000,0.09,71.0941245879484,57
"Kuwait",2399,14,10000,0.09,71.0941245879484,58
"Kuwait",2614,15,10000,0.09,71.0941245879484,59
"Kuwait",2892,19,10000,0.09,71.0941245879484,60
"Kuwait",3075,20,10000,0.09,71.0941245879484,61
"Kuwait",3288,22,10000,0.09,71.0941245879484,62
"Kuwait",3440,23,10000,0.09,71.0941245879484,63
"Kuwait",3740,24,10000,0.09,71.0941245879484,64
"Kyrgyzstan",590,7,1000,0.13,29.8035545878689,33
"Kyrgyzstan",612,7,1000,0.13,29.8035545878689,34
"Kyrgyzstan",631,8,1000,0.13,29.8035545878689,35
"Kyrgyzstan",665,8,1000,0.13,29.8035545878689,36
"Kyrgyzstan",665,8,1000,0.13,29.8035545878689,37
"Kyrgyzstan",682,8,1000,0.13,29.8035545878689,38
"Kyrgyzstan",695,8,1000,0.13,29.8035545878689,39
"Kyrgyzstan",708,8,1000,0.13,29.8035545878689,40
"Kyrgyzstan",729,8,1000,0.13,29.8035545878689,41
"Laos",19,0,100,0.05,51.2673241372638,26
"Laos",19,0,100,0.05,51.2673241372638,27
"Laos",19,0,100,0.05,51.2673241372638,28
"Laos",19,0,100,0.05,51.2673241372638,29
"Laos",19,0,100,0.05,51.2673241372638,30
"Laos",19,0,100,0.05,51.2673241372638,31
"Laos",19,0,100,0.05,51.2673241372638,32
"Laos",19,0,100,0.05,51.2673241372638,33
"Laos",19,0,100,0.05,51.2673241372638,34
"Latvia",748,9,1000,0.11,34.9140235730584,49
"Latvia",761,11,1000,0.11,34.9140235730584,50
"Latvia",778,11,1000,0.11,34.9140235730584,51
"Latvia",784,12,1000,0.11,34.9140235730584,52
"Latvia",804,12,1000,0.11,34.9140235730584,53
"Latvia",812,12,1000,0.11,34.9140235730584,54
"Latvia",818,13,1000,0.11,34.9140235730584,55
"Latvia",836,13,1000,0.11,34.9140235730584,56
"Latvia",849,15,1000,0.11,34.9140235730584,57
"Lebanon",677,21,1000,0.09,43.8559251651026,59
"Lebanon",682,22,1000,0.09,43.8559251651026,60
"Lebanon",688,22,1000,0.09,43.8559251651026,61
"Lebanon",696,22,1000,0.09,43.8559251651026,62
"Lebanon",704,24,1000,0.09,43.8559251651026,63
"Lebanon",707,24,1000,0.09,43.8559251651026,64
"Lebanon",710,24,1000,0.09,43.8559251651026,65
"Lebanon",717,24,1000,0.09,43.8559251651026,66
"Lebanon",721,24,1000,0.09,43.8559251651026,67
"Liberia",101,8,100,0.25,27.3369357766805,35
"Liberia",101,8,100,0.25,27.3369357766805,36
"Liberia",101,8,100,0.25,27.3369357766805,37
"Liberia",117,8,100,0.25,27.3369357766805,38
"Liberia",120,11,100,0.25,27.3369357766805,39
"Liberia",124,12,100,0.25,27.3369357766805,40
"Liberia",124,12,100,0.25,27.3369357766805,41
"Liberia",141,16,100,0.25,27.3369357766805,42
"Liberia",141,16,100,0.25,27.3369357766805,43
"Libya",51,1,100,0.13,24.3066039081567,26
"Libya",59,1,100,0.13,24.3066039081567,27
"Libya",60,2,100,0.13,24.3066039081567,28
"Libya",61,2,100,0.13,24.3066039081567,29
"Libya",61,2,100,0.13,24.3066039081567,30
"Libya",61,2,100,0.13,24.3066039081567,31
"Libya",61,2,100,0.13,24.3066039081567,32
"Libya",61,2,100,0.13,24.3066039081567,33
"Libya",61,2,100,0.13,24.3066039081567,34
"Liechtenstein",81,1,100,0.13,23.4089678385041,47
"Liechtenstein",81,1,100,0.13,23.4089678385041,48
"Liechtenstein",81,1,100,0.13,23.4089678385041,49
"Liechtenstein",81,1,100,0.13,23.4089678385041,50
"Liechtenstein",81,1,100,0.13,23.4089678385041,51
"Liechtenstein",82,1,100,0.13,23.4089678385041,52
"Liechtenstein",82,1,100,0.13,23.4089678385041,53
"Liechtenstein",82,1,100,0.13,23.4089678385041,54
"Liechtenstein",82,1,100,0.13,23.4089678385041,55
"Lithuania",1350,38,1000,0.26,30.8474851994273,52
"Lithuania",1370,38,1000,0.26,30.8474851994273,53
"Lithuania",1398,40,1000,0.26,30.8474851994273,54
"Lithuania",1410,40,1000,0.26,30.8474851994273,55
"Lithuania",1426,41,1000,0.26,30.8474851994273,56
"Lithuania",1438,41,1000,0.26,30.8474851994273,57
"Lithuania",1449,41,1000,0.26,30.8474851994273,58
"Lithuania",1344,44,1000,0.26,30.8474851994273,59
"Lithuania",1375,45,1000,0.26,30.8474851994273,60
"Luxembourg",3618,78,10000,0.07,54.0387071938299,51
"Luxembourg",3654,80,10000,0.07,54.0387071938299,52
"Luxembourg",3665,83,10000,0.07,54.0387071938299,53
"Luxembourg",3695,85,10000,0.07,54.0387071938299,54
"Luxembourg",3711,85,10000,0.07,54.0387071938299,55
"Luxembourg",3723,88,10000,0.07,54.0387071938299,56
"Luxembourg",3729,88,10000,0.07,54.0387071938299,57
"Luxembourg",3741,89,10000,0.07,54.0387071938299,58
"Luxembourg",3769,89,10000,0.07,54.0387071938299,59
"Madagascar",121,0,100,0.29,5.96238785367867,26
"Madagascar",121,0,100,0.29,5.96238785367867,27
"Madagascar",121,0,100,0.29,5.96238785367867,28
"Madagascar",122,0,100,0.29,5.96238785367867,29
"Madagascar",123,0,100,0.29,5.96238785367867,30
"Madagascar",124,0,100,0.29,5.96238785367867,31
"Madagascar",128,0,100,0.29,5.96238785367867,32
"Madagascar",128,0,100,0.29,5.96238785367867,33
"Madagascar",128,0,100,0.29,5.96238785367867,34
"Malawi",18,2,100,0.09,33.1206854726353,18
"Malawi",23,3,100,0.09,33.1206854726353,19
"Malawi",33,3,100,0.09,33.1206854726353,20
"Malawi",33,3,100,0.09,33.1206854726353,21
"Malawi",33,3,100,0.09,33.1206854726353,22
"Malawi",34,3,100,0.09,33.1206854726353,23
"Malawi",36,3,100,0.09,33.1206854726353,24
"Malawi",36,3,100,0.09,33.1206854726353,25
"Malawi",36,3,100,0.09,33.1206854726353,26
"Malaysia",5482,92,10000,0.08,80.0354709721718,86
"Malaysia",5532,93,10000,0.08,80.0354709721718,87
"Malaysia",5603,95,10000,0.08,80.0354709721718,88
"Malaysia",5691,96,10000,0.08,80.0354709721718,89
"Malaysia",5742,98,10000,0.08,80.0354709721718,90
"Malaysia",5780,98,10000,0.08,80.0354709721718,91
"Malaysia",5820,99,10000,0.08,80.0354709721718,92
"Malaysia",5851,100,10000,0.08,80.0354709721718,93
"Malaysia",5945,100,10000,0.08,80.0354709721718,94
"Maldives",83,0,500,0.05,89.9999234977119,43
"Maldives",86,0,500,0.05,89.9999234977119,44
"Maldives",108,0,500,0.05,89.9999234977119,45
"Maldives",129,0,500,0.05,89.9999234977119,46
"Maldives",177,0,500,0.05,89.9999234977119,47
"Maldives",214,0,500,0.05,89.9999234977119,48
"Maldives",226,0,500,0.05,89.9999234977119,49
"Maldives",250,0,500,0.05,89.9999234977119,50
"Maldives",278,1,500,0.05,89.9999234977119,51
"Mali",258,14,1000,0.13,34.4308350253811,26
"Mali",293,17,1000,0.13,34.4308350253811,27
"Mali",309,21,1000,0.13,34.4308350253811,28
"Mali",325,21,1000,0.13,34.4308350253811,29
"Mali",370,21,1000,0.13,34.4308350253811,30
"Mali",389,23,1000,0.13,34.4308350253811,31
"Mali",408,23,1000,0.13,34.4308350253811,32
"Mali",424,24,1000,0.13,34.4308350253811,33
"Mali",482,25,1000,0.13,34.4308350253811,34
"Malta",443,3,500,0.13,28.5737482559202,44
"Malta",444,3,500,0.13,28.5737482559202,45
"Malta",445,3,500,0.13,28.5737482559202,46
"Malta",447,3,500,0.13,28.5737482559202,47
"Malta",448,4,500,0.13,28.5737482559202,48
"Malta",448,4,500,0.13,28.5737482559202,49
"Malta",450,4,500,0.13,28.5737482559202,50
"Malta",458,4,500,0.13,28.5737482559202,51
"Malta",463,4,500,0.13,28.5737482559202,52
"Mauritania",7,1,100,0.05,82.0206641070305,37
"Mauritania",7,1,100,0.05,82.0206641070305,38
"Mauritania",7,1,100,0.05,82.0206641070305,39
"Mauritania",7,1,100,0.05,82.0206641070305,40
"Mauritania",7,1,100,0.05,82.0206641070305,41
"Mauritania",7,1,100,0.05,82.0206641070305,42
"Mauritania",7,1,100,0.05,82.0206641070305,43
"Mauritania",7,1,100,0.05,82.0206641070305,44
"Mauritania",8,1,100,0.05,82.0206641070305,45
"Mauritius",328,9,500,0.12,21.3248574191778,33
"Mauritius",329,9,500,0.12,21.3248574191778,34
"Mauritius",331,9,500,0.12,21.3248574191778,35
"Mauritius",331,9,500,0.12,21.3248574191778,36
"Mauritius",331,9,500,0.12,21.3248574191778,37
"Mauritius",332,9,500,0.12,21.3248574191778,38
"Mauritius",334,10,500,0.12,21.3248574191778,39
"Mauritius",334,10,500,0.12,21.3248574191778,40
"Mauritius",332,10,500,0.12,21.3248574191778,41
"Mexico",8772,712,20000,0.13,54.5710341724886,52
"Mexico",9501,857,20000,0.13,54.5710341724886,53
"Mexico",11633,1069,20000,0.13,54.5710341724886,54
"Mexico",12872,1221,20000,0.13,54.5710341724886,55
"Mexico",13842,1305,20000,0.13,54.5710341724886,56
"Mexico",14677,1351,20000,0.13,54.5710341724886,57
"Mexico",15529,1434,20000,0.13,54.5710341724886,58
"Mexico",16752,1569,20000,0.13,54.5710341724886,59
"Mexico",17799,1732,20000,0.13,54.5710341724886,60
"Moldova",2614,72,10000,0.1,52.3451435319248,43
"Moldova",2778,75,10000,0.1,52.3451435319248,44
"Moldova",2926,80,10000,0.1,52.3451435319248,45
"Moldova",3110,84,10000,0.1,52.3451435319248,46
"Moldova",3304,94,10000,0.1,52.3451435319248,47
"Moldova",3408,96,10000,0.1,52.3451435319248,48
"Moldova",3481,102,10000,0.1,52.3451435319248,49
"Moldova",3638,103,10000,0.1,52.3451435319248,50
"Moldova",3771,111,10000,0.1,52.3451435319248,51
"Monaco",94,3,100,0.18,30.3730020521071,51
"Monaco",94,3,100,0.18,30.3730020521071,52
"Monaco",94,4,100,0.18,30.3730020521071,53
"Monaco",94,4,100,0.18,30.3730020521071,54
"Monaco",94,4,100,0.18,30.3730020521071,55
"Monaco",94,4,100,0.18,30.3730020521071,56
"Monaco",95,4,100,0.18,30.3730020521071,57
"Monaco",95,4,100,0.18,30.3730020521071,58
"Monaco",95,4,100,0.18,30.3730020521071,59
"Mongolia",34,0,500,0.06,84.3715642908957,41
"Mongolia",35,0,500,0.06,84.3715642908957,42
"Mongolia",36,0,500,0.06,84.3715642908957,43
"Mongolia",37,0,500,0.06,84.3715642908957,44
"Mongolia",37,0,500,0.06,84.3715642908957,45
"Mongolia",38,0,500,0.06,84.3715642908957,46
"Mongolia",38,0,500,0.06,84.3715642908957,47
"Mongolia",38,0,500,0.06,84.3715642908957,48
"Mongolia",38,0,500,0.06,84.3715642908957,49
"Montenegro",313,5,500,0.11,24.8989433823309,34
"Montenegro",315,5,500,0.11,24.8989433823309,35
"Montenegro",316,5,500,0.11,24.8989433823309,36
"Montenegro",319,6,500,0.11,24.8989433823309,37
"Montenegro",320,6,500,0.11,24.8989433823309,38
"Montenegro",321,7,500,0.11,24.8989433823309,39
"Montenegro",321,7,500,0.11,24.8989433823309,40
"Montenegro",321,7,500,0.11,24.8989433823309,41
"Montenegro",322,7,500,0.11,24.8989433823309,42
"Morocco",3209,145,10000,0.1,57.07566857341,49
"Morocco",3446,149,10000,0.1,57.07566857341,50
"Morocco",3568,155,10000,0.1,57.07566857341,51
"Morocco",3758,158,10000,0.1,57.07566857341,52
"Morocco",3897,159,10000,0.1,57.07566857341,53
"Morocco",4065,161,10000,0.1,57.07566857341,54
"Morocco",4120,162,10000,0.1,57.07566857341,55
"Morocco",4252,165,10000,0.1,57.07566857341,56
"Morocco",4321,168,10000,0.1,57.07566857341,57
"Mozambique",39,0,1000,0.08,65.5373680062213,26
"Mozambique",41,0,1000,0.08,65.5373680062213,27
"Mozambique",46,0,1000,0.08,65.5373680062213,28
"Mozambique",65,0,1000,0.08,65.5373680062213,29
"Mozambique",70,0,1000,0.08,65.5373680062213,30
"Mozambique",76,0,1000,0.08,65.5373680062213,31
"Mozambique",76,0,1000,0.08,65.5373680062213,32
"Mozambique",76,0,1000,0.08,65.5373680062213,33
"Mozambique",76,0,1000,0.08,65.5373680062213,34
"Namibia",16,0,100,0.04,72.462627720345,37
"Namibia",16,0,100,0.04,72.462627720345,38
"Namibia",16,0,100,0.04,72.462627720345,39
"Namibia",16,0,100,0.04,72.462627720345,40
"Namibia",16,0,100,0.04,72.462627720345,41
"Namibia",16,0,100,0.04,72.462627720345,42
"Namibia",16,0,100,0.04,72.462627720345,43
"Namibia",16,0,100,0.04,72.462627720345,44
"Namibia",16,0,100,0.04,72.462627720345,45
"Nepal",43,0,100,0.15,89.9999412971429,86
"Nepal",45,0,100,0.15,89.9999412971429,87
"Nepal",48,0,100,0.15,89.9999412971429,88
"Nepal",49,0,100,0.15,89.9999412971429,89
"Nepal",49,0,100,0.15,89.9999412971429,90
"Nepal",52,0,100,0.15,89.9999412971429,91
"Nepal",52,0,100,0.15,89.9999412971429,92
"Nepal",54,0,100,0.15,89.9999412971429,93
"Nepal",57,0,100,0.15,89.9999412971429,94
"Netherlands",34317,3929,40000,0.13,40.0159499818866,53
"Netherlands",35032,4068,40000,0.13,40.0159499818866,54
"Netherlands",35921,4192,40000,0.13,40.0159499818866,55
"Netherlands",36729,4304,40000,0.13,40.0159499818866,56
"Netherlands",37384,4424,40000,0.13,40.0159499818866,57
"Netherlands",38040,4491,40000,0.13,40.0159499818866,58
"Netherlands",38440,4534,40000,0.13,40.0159499818866,59
"Netherlands",38612,4582,40000,0.13,40.0159499818866,60
"Netherlands",38998,4727,40000,0.13,40.0159499818866,61
"New Zealand",1445,13,1000,0.42,29.7009979227781,52
"New Zealand",1451,14,1000,0.42,29.7009979227781,53
"New Zealand",1456,17,1000,0.42,29.7009979227781,54
"New Zealand",1461,18,1000,0.42,29.7009979227781,55
"New Zealand",1470,18,1000,0.42,29.7009979227781,56
"New Zealand",1469,19,1000,0.42,29.7009979227781,57
"New Zealand",1472,19,1000,0.42,29.7009979227781,58
"New Zealand",1474,19,1000,0.42,29.7009979227781,59
"New Zealand",1476,19,1000,0.42,29.7009979227781,60
"Nicaragua",10,2,100,0.05,67.9860739633752,26
"Nicaragua",10,2,100,0.05,67.9860739633752,27
"Nicaragua",11,3,100,0.05,67.9860739633752,28
"Nicaragua",11,3,100,0.05,67.9860739633752,29
"Nicaragua",12,3,100,0.05,67.9860739633752,30
"Nicaragua",13,3,100,0.05,67.9860739633752,31
"Nicaragua",13,3,100,0.05,67.9860739633752,32
"Nicaragua",13,3,100,0.05,67.9860739633752,33
"Nicaragua",13,3,100,0.05,67.9860739633752,34
"Niger",657,20,1000,0.17,19.1122106088413,26
"Niger",662,22,1000,0.17,19.1122106088413,27
"Niger",671,24,1000,0.17,19.1122106088413,28
"Niger",681,24,1000,0.17,19.1122106088413,29
"Niger",684,27,1000,0.17,19.1122106088413,30
"Niger",696,29,1000,0.17,19.1122106088413,31
"Niger",701,29,1000,0.17,19.1122106088413,32
"Niger",709,31,1000,0.17,19.1122106088413,33
"Niger",713,32,1000,0.17,19.1122106088413,34
"Nigeria",665,22,1000,0.12,48.6497884475132,52
"Nigeria",873,28,1000,0.12,48.6497884475132,53
"Nigeria",981,31,1000,0.12,48.6497884475132,54
"Nigeria",1095,32,1000,0.12,48.6497884475132,55
"Nigeria",1182,35,1000,0.12,48.6497884475132,56
"Nigeria",1273,40,1000,0.12,48.6497884475132,57
"Nigeria",1337,40,1000,0.12,48.6497884475132,58
"Nigeria",1532,44,1000,0.12,48.6497884475132,59
"Nigeria",1728,51,1000,0.12,48.6497884475132,60
"North Macedonia",1231,55,10000,0.08,76.9912158751431,54
"North Macedonia",1259,56,10000,0.08,76.9912158751431,55
"North Macedonia",1300,56,10000,0.08,76.9912158751431,56
"North Macedonia",1326,57,10000,0.08,76.9912158751431,57
"North Macedonia",1367,59,10000,0.08,76.9912158751431,58
"North Macedonia",1386,61,10000,0.08,76.9912158751431,59
"North Macedonia",1399,65,10000,0.08,76.9912158751431,60
"North Macedonia",1421,71,10000,0.08,76.9912158751431,61
"North Macedonia",1442,73,10000,0.08,76.9912158751431,62
"Norway",7191,182,10000,0.09,37.9786527546216,54
"Norway",7338,187,10000,0.09,37.9786527546216,55
"Norway",7401,194,10000,0.09,37.9786527546216,56
"Norway",7463,199,10000,0.09,37.9786527546216,57
"Norway",7499,201,10000,0.09,37.9786527546216,58
"Norway",7527,201,10000,0.09,37.9786527546216,59
"Norway",7599,205,10000,0.09,37.9786527546216,60
"Norway",7660,206,10000,0.09,37.9786527546216,61
"Norway",7710,207,10000,0.09,37.9786527546216,62
"Oman",1508,8,10000,0.11,72.3405188722339,56
"Oman",1614,8,10000,0.11,72.3405188722339,57
"Oman",1716,9,10000,0.11,72.3405188722339,58
"Oman",1790,10,10000,0.11,72.3405188722339,59
"Oman",1905,10,10000,0.11,72.3405188722339,60
"Oman",1998,10,10000,0.11,72.3405188722339,61
"Oman",2049,10,10000,0.11,72.3405188722339,62
"Oman",2131,10,10000,0.11,72.3405188722339,63
"Oman",2274,10,10000,0.11,72.3405188722339,64
"Pakistan",9565,201,10000,0.14,44.3671023642193,54
"Pakistan",10076,212,10000,0.14,44.3671023642193,55
"Pakistan",11155,237,10000,0.14,44.3671023642193,56
"Pakistan",11940,253,10000,0.14,44.3671023642193,57
"Pakistan",12723,269,10000,0.14,44.3671023642193,58
"Pakistan",13328,281,10000,0.14,44.3671023642193,59
"Pakistan",13915,292,10000,0.14,44.3671023642193,60
"Pakistan",14612,312,10000,0.14,44.3671023642193,61
"Pakistan",15525,343,10000,0.14,44.3671023642193,62
"Panama",4658,136,10000,0.1,41.8057632600017,41
"Panama",4821,141,10000,0.1,41.8057632600017,42
"Panama",5166,146,10000,0.1,41.8057632600017,43
"Panama",5338,154,10000,0.1,41.8057632600017,44
"Panama",5538,159,10000,0.1,41.8057632600017,45
"Panama",5779,165,10000,0.1,41.8057632600017,46
"Panama",6021,167,10000,0.1,41.8057632600017,47
"Panama",6021,167,10000,0.1,41.8057632600017,48
"Panama",6378,178,10000,0.1,41.8057632600017,49
"Papua New Guinea",7,0,10000,0.12,85.7853973401997,26
"Papua New Guinea",8,0,10000,0.12,85.7853973401997,27
"Papua New Guinea",8,0,10000,0.12,85.7853973401997,28
"Papua New Guinea",8,0,10000,0.12,85.7853973401997,29
"Papua New Guinea",8,0,10000,0.12,85.7853973401997,30
"Papua New Guinea",8,0,10000,0.12,85.7853973401997,31
"Papua New Guinea",8,0,10000,0.12,85.7853973401997,32
"Papua New Guinea",8,0,10000,0.12,85.7853973401997,33
"Papua New Guinea",8,0,10000,0.12,85.7853973401997,34
"Paraguay",208,8,500,0.09,45.1355776060952,43
"Paraguay",213,9,500,0.09,45.1355776060952,44
"Paraguay",213,9,500,0.09,45.1355776060952,45
"Paraguay",223,9,500,0.09,45.1355776060952,46
"Paraguay",228,9,500,0.09,45.1355776060952,47
"Paraguay",228,9,500,0.09,45.1355776060952,48
"Paraguay",228,9,500,0.09,45.1355776060952,49
"Paraguay",239,9,500,0.09,45.1355776060952,50
"Paraguay",239,9,500,0.09,45.1355776060952,51
"Peru",17837,484,20000,0.23,38.7340038833307,45
"Peru",19250,530,20000,0.23,38.7340038833307,46
"Peru",20914,572,20000,0.23,38.7340038833307,47
"Peru",21648,634,20000,0.23,38.7340038833307,48
"Peru",25331,700,20000,0.23,38.7340038833307,49
"Peru",27517,728,20000,0.23,38.7340038833307,50
"Peru",28699,782,20000,0.23,38.7340038833307,51
"Peru",31190,854,20000,0.23,38.7340038833307,52
"Peru",33931,943,20000,0.23,38.7340038833307,53
"Philippines",6599,437,10000,0.11,74.2392387212985,81
"Philippines",6710,446,10000,0.11,74.2392387212985,82
"Philippines",6981,462,10000,0.11,74.2392387212985,83
"Philippines",7192,477,10000,0.11,74.2392387212985,84
"Philippines",7294,494,10000,0.11,74.2392387212985,85
"Philippines",7579,501,10000,0.11,74.2392387212985,86
"Philippines",7777,511,10000,0.11,74.2392387212985,87
"Philippines",7958,530,10000,0.11,74.2392387212985,88
"Philippines",8212,558,10000,0.11,74.2392387212985,89
"Poland",9856,401,10000,0.17,34.3781463117502,47
"Poland",10169,426,10000,0.17,34.3781463117502,48
"Poland",10511,454,10000,0.17,34.3781463117502,49
"Poland",10892,494,10000,0.17,34.3781463117502,50
"Poland",11273,524,10000,0.17,34.3781463117502,51
"Poland",11617,535,10000,0.17,34.3781463117502,52
"Poland",11902,562,10000,0.17,34.3781463117502,53
"Poland",12218,596,10000,0.17,34.3781463117502,54
"Poland",12640,624,10000,0.17,34.3781463117502,55
"Portugal",21379,762,20000,0.19,32.3929423484168,49
"Portugal",21982,785,20000,0.19,32.3929423484168,50
"Portugal",22353,820,20000,0.19,32.3929423484168,51
"Portugal",22797,854,20000,0.19,32.3929423484168,52
"Portugal",23392,880,20000,0.19,32.3929423484168,53
"Portugal",23864,903,20000,0.19,32.3929423484168,54
"Portugal",24027,928,20000,0.19,32.3929423484168,55
"Portugal",24322,948,20000,0.19,32.3929423484168,56
"Portugal",24505,973,20000,0.19,32.3929423484168,57
"Qatar",6533,9,30000,0.1,65.1016059732964,51
"Qatar",7141,10,30000,0.1,65.1016059732964,52
"Qatar",7764,10,30000,0.1,65.1016059732964,53
"Qatar",8525,10,30000,0.1,65.1016059732964,54
"Qatar",9358,10,30000,0.1,65.1016059732964,55
"Qatar",10287,10,30000,0.1,65.1016059732964,56
"Qatar",11244,10,30000,0.1,65.1016059732964,57
"Qatar",11921,10,30000,0.1,65.1016059732964,58
"Qatar",12564,10,30000,0.1,65.1016059732964,59
"Romania",9242,498,10000,0.16,42.296065499696,54
"Romania",9710,524,10000,0.16,42.296065499696,55
"Romania",10096,545,10000,0.16,42.296065499696,56
"Romania",10417,567,10000,0.16,42.296065499696,57
"Romania",10635,601,10000,0.16,42.296065499696,58
"Romania",11036,619,10000,0.16,42.296065499696,59
"Romania",11339,641,10000,0.16,42.296065499696,60
"Romania",11616,663,10000,0.16,42.296065499696,61
"Romania",11978,693,10000,0.16,42.296065499696,62
"Russia",52763,456,210000,0.16,87.6721335128724,80
"Russia",57999,513,210000,0.16,87.6721335128724,81
"Russia",62773,555,210000,0.16,87.6721335128724,82
"Russia",68622,615,210000,0.16,87.6721335128724,83
"Russia",74588,681,210000,0.16,87.6721335128724,84
"Russia",80949,747,210000,0.16,87.6721335128724,85
"Russia",87147,794,210000,0.16,87.6721335128724,86
"Russia",93558,867,210000,0.16,87.6721335128724,87
"Russia",99399,972,210000,0.16,87.6721335128724,88
"Rwanda",150,0,500,0.06,48.448885438063,37
"Rwanda",153,0,500,0.06,48.448885438063,38
"Rwanda",154,0,500,0.06,48.448885438063,39
"Rwanda",176,0,500,0.06,48.448885438063,40
"Rwanda",183,0,500,0.06,48.448885438063,41
"Rwanda",191,0,500,0.06,48.448885438063,42
"Rwanda",207,0,500,0.06,48.448885438063,43
"Rwanda",212,0,500,0.06,48.448885438063,44
"Rwanda",225,0,500,0.06,48.448885438063,45
"Saint Kitts and Nevis",15,0,100,0.05,58.6559064120646,26
"Saint Kitts and Nevis",15,0,100,0.05,58.6559064120646,27
"Saint Kitts and Nevis",15,0,100,0.05,58.6559064120646,28
"Saint Kitts and Nevis",15,0,100,0.05,58.6559064120646,29
"Saint Kitts and Nevis",15,0,100,0.05,58.6559064120646,30
"Saint Kitts and Nevis",15,0,100,0.05,58.6559064120646,31
"Saint Kitts and Nevis",15,0,100,0.05,58.6559064120646,32
"Saint Kitts and Nevis",15,0,100,0.05,58.6559064120646,33
"Saint Kitts and Nevis",15,0,100,0.05,58.6559064120646,34
"Saint Lucia",15,0,100,0.05,65.8142824265408,37
"Saint Lucia",15,0,100,0.05,65.8142824265408,38
"Saint Lucia",15,0,100,0.05,65.8142824265408,39
"Saint Lucia",15,0,100,0.05,65.8142824265408,40
"Saint Lucia",15,0,100,0.05,65.8142824265408,41
"Saint Lucia",15,0,100,0.05,65.8142824265408,42
"Saint Lucia",15,0,100,0.05,65.8142824265408,43
"Saint Lucia",15,0,100,0.05,65.8142824265408,44
"Saint Lucia",17,0,100,0.05,65.8142824265408,45
"Saint Vincent and the Grenadines",12,0,100,0.08,57.8378975039945,37
"Saint Vincent and the Grenadines",13,0,100,0.08,57.8378975039945,38
"Saint Vincent and the Grenadines",13,0,100,0.08,57.8378975039945,39
"Saint Vincent and the Grenadines",14,0,100,0.08,57.8378975039945,40
"Saint Vincent and the Grenadines",14,0,100,0.08,57.8378975039945,41
"Saint Vincent and the Grenadines",14,0,100,0.08,57.8378975039945,42
"Saint Vincent and the Grenadines",15,0,100,0.08,57.8378975039945,43
"Saint Vincent and the Grenadines",15,0,100,0.08,57.8378975039945,44
"Saint Vincent and the Grenadines",16,0,100,0.08,57.8378975039945,45
"San Marino",476,40,500,0.09,34.084650728232,53
"San Marino",488,40,500,0.09,34.084650728232,54
"San Marino",501,40,500,0.09,34.084650728232,55
"San Marino",513,40,500,0.09,34.084650728232,56
"San Marino",513,40,500,0.09,34.084650728232,57
"San Marino",538,41,500,0.09,34.084650728232,58
"San Marino",538,41,500,0.09,34.084650728232,59
"San Marino",553,41,500,0.09,34.084650728232,60
"San Marino",563,41,500,0.09,34.084650728232,61
"Sao Tome and Principe",4,0,100,0.04,87.469987942928,14
"Sao Tome and Principe",4,0,100,0.04,87.469987942928,15
"Sao Tome and Principe",4,0,100,0.04,87.469987942928,16
"Sao Tome and Principe",4,0,100,0.04,87.469987942928,17
"Sao Tome and Principe",4,0,100,0.04,87.469987942928,18
"Sao Tome and Principe",4,0,100,0.04,87.469987942928,19
"Sao Tome and Principe",4,0,100,0.04,87.469987942928,20
"Sao Tome and Principe",8,0,100,0.04,87.469987942928,21
"Sao Tome and Principe",8,0,100,0.04,87.469987942928,22
"Saudi Arabia",11631,109,610000,0.1,89.910407151828,49
"Saudi Arabia",12772,114,610000,0.1,89.910407151828,50
"Saudi Arabia",13930,121,610000,0.1,89.910407151828,51
"Saudi Arabia",15102,127,610000,0.1,89.910407151828,52
"Saudi Arabia",16299,136,610000,0.1,89.910407151828,53
"Saudi Arabia",17522,139,610000,0.1,89.910407151828,54
"Saudi Arabia",18811,144,610000,0.1,89.910407151828,55
"Saudi Arabia",20077,152,610000,0.1,89.910407151828,56
"Saudi Arabia",21402,157,610000,0.1,89.910407151828,57
"Senegal",412,5,500,0.1,37.5415471079277,49
"Senegal",442,6,500,0.1,37.5415471079277,50
"Senegal",479,6,500,0.1,37.5415471079277,51
"Senegal",545,7,500,0.1,37.5415471079277,52
"Senegal",614,7,500,0.1,37.5415471079277,53
"Senegal",671,9,500,0.1,37.5415471079277,54
"Senegal",736,9,500,0.1,37.5415471079277,55
"Senegal",823,9,500,0.1,37.5415471079277,56
"Senegal",882,9,500,0.1,37.5415471079277,57
"Serbia",6630,125,10000,0.15,40.2540115759197,45
"Serbia",6630,125,10000,0.15,40.2540115759197,46
"Serbia",6630,125,10000,0.15,40.2540115759197,47
"Serbia",6630,125,10000,0.15,40.2540115759197,48
"Serbia",6630,125,10000,0.15,40.2540115759197,49
"Serbia",6630,125,10000,0.15,40.2540115759197,50
"Serbia",6630,125,10000,0.15,40.2540115759197,51
"Serbia",6630,125,10000,0.15,40.2540115759197,52
"Serbia",6630,125,10000,0.15,40.2540115759197,53
"Seychelles",11,0,100,0.04,80.6503375074654,37
"Seychelles",11,0,100,0.04,80.6503375074654,38
"Seychelles",11,0,100,0.04,80.6503375074654,39
"Seychelles",11,0,100,0.04,80.6503375074654,40
"Seychelles",11,0,100,0.04,80.6503375074654,41
"Seychelles",11,0,100,0.04,80.6503375074654,42
"Seychelles",11,0,100,0.04,80.6503375074654,43
"Seychelles",11,0,100,0.04,80.6503375074654,44
"Seychelles",11,0,100,0.04,80.6503375074654,45
"Sierra Leone",50,0,1e+06,0.18,76.0836679080741,20
"Sierra Leone",61,0,1e+06,0.18,76.0836679080741,21
"Sierra Leone",64,1,1e+06,0.18,76.0836679080741,22
"Sierra Leone",82,2,1e+06,0.18,76.0836679080741,23
"Sierra Leone",82,2,1e+06,0.18,76.0836679080741,24
"Sierra Leone",93,4,1e+06,0.18,76.0836679080741,25
"Sierra Leone",93,4,1e+06,0.18,76.0836679080741,26
"Sierra Leone",104,4,1e+06,0.18,76.0836679080741,27
"Sierra Leone",104,4,1e+06,0.18,76.0836679080741,28
"Singapore",9125,11,10000,0.18,84.571698580882,88
"Singapore",10141,12,10000,0.18,84.571698580882,89
"Singapore",11178,12,10000,0.18,84.571698580882,90
"Singapore",12075,12,10000,0.18,84.571698580882,91
"Singapore",12693,12,10000,0.18,84.571698580882,92
"Singapore",13624,12,10000,0.18,84.571698580882,93
"Singapore",14423,14,10000,0.18,84.571698580882,94
"Singapore",14951,14,10000,0.18,84.571698580882,95
"Singapore",15641,14,10000,0.18,84.571698580882,96
"Slovakia",1199,14,10000,0.07,72.8412915921762,45
"Slovakia",1244,14,10000,0.07,72.8412915921762,46
"Slovakia",1325,15,10000,0.07,72.8412915921762,47
"Slovakia",1360,17,10000,0.07,72.8412915921762,48
"Slovakia",1373,17,10000,0.07,72.8412915921762,49
"Slovakia",1379,18,10000,0.07,72.8412915921762,50
"Slovakia",1381,18,10000,0.07,72.8412915921762,51
"Slovakia",1384,20,10000,0.07,72.8412915921762,52
"Slovakia",1391,22,10000,0.07,72.8412915921762,53
"Slovenia",1344,77,10000,0.05,79.0392977872782,46
"Slovenia",1353,79,10000,0.05,79.0392977872782,47
"Slovenia",1366,79,10000,0.05,79.0392977872782,48
"Slovenia",1373,80,10000,0.05,79.0392977872782,49
"Slovenia",1388,81,10000,0.05,79.0392977872782,50
"Slovenia",1396,82,10000,0.05,79.0392977872782,51
"Slovenia",1402,83,10000,0.05,79.0392977872782,52
"Slovenia",1408,86,10000,0.05,79.0392977872782,53
"Slovenia",1418,89,10000,0.05,79.0392977872782,54
"Somalia",286,8,50000,0.24,57.4540335120062,35
"Somalia",286,8,50000,0.24,57.4540335120062,36
"Somalia",328,16,50000,0.24,57.4540335120062,37
"Somalia",328,16,50000,0.24,57.4540335120062,38
"Somalia",390,18,50000,0.24,57.4540335120062,39
"Somalia",436,23,50000,0.24,57.4540335120062,40
"Somalia",480,26,50000,0.24,57.4540335120062,41
"Somalia",528,28,50000,0.24,57.4540335120062,42
"Somalia",582,28,50000,0.24,57.4540335120062,43
"South Africa",3465,58,10000,0.07,56.0398114137027,46
"South Africa",3635,65,10000,0.07,56.0398114137027,47
"South Africa",3953,75,10000,0.07,56.0398114137027,48
"South Africa",4220,79,10000,0.07,56.0398114137027,49
"South Africa",4361,86,10000,0.07,56.0398114137027,50
"South Africa",4546,87,10000,0.07,56.0398114137027,51
"South Africa",4793,90,10000,0.07,56.0398114137027,52
"South Africa",4996,93,10000,0.07,56.0398114137027,53
"South Africa",5350,103,10000,0.07,56.0398114137027,54
"South Sudan",4,0,100,0.05,75.3413264609368,15
"South Sudan",4,0,100,0.05,75.3413264609368,16
"South Sudan",5,0,100,0.05,75.3413264609368,17
"South Sudan",5,0,100,0.05,75.3413264609368,18
"South Sudan",5,0,100,0.05,75.3413264609368,19
"South Sudan",6,0,100,0.05,75.3413264609368,20
"South Sudan",6,0,100,0.05,75.3413264609368,21
"South Sudan",34,0,100,0.05,75.3413264609368,22
"South Sudan",34,0,100,0.05,75.3413264609368,23
"Spain",204178,21282,2e+05,0.17,59.9832044311785,79
"Spain",208389,21717,2e+05,0.17,59.9832044311785,80
"Spain",213024,22157,2e+05,0.17,59.9832044311785,81
"Spain",219764,22524,2e+05,0.17,59.9832044311785,82
"Spain",223759,22902,2e+05,0.17,59.9832044311785,83
"Spain",226629,23190,2e+05,0.17,59.9832044311785,84
"Spain",229422,23521,2e+05,0.17,59.9832044311785,85
"Spain",232128,23822,2e+05,0.17,59.9832044311785,86
"Spain",236899,24275,2e+05,0.17,59.9832044311785,87
"Sri Lanka",310,7,500,0.08,78.8742253522671,84
"Sri Lanka",330,7,500,0.08,78.8742253522671,85
"Sri Lanka",368,7,500,0.08,78.8742253522671,86
"Sri Lanka",420,7,500,0.08,78.8742253522671,87
"Sri Lanka",460,7,500,0.08,78.8742253522671,88
"Sri Lanka",523,7,500,0.08,78.8742253522671,89
"Sri Lanka",588,7,500,0.08,78.8742253522671,90
"Sri Lanka",619,7,500,0.08,78.8742253522671,91
"Sri Lanka",649,7,500,0.08,78.8742253522671,92
"Sudan",107,12,1e+06,0.18,89.7995032546559,38
"Sudan",140,13,1e+06,0.18,89.7995032546559,39
"Sudan",174,16,1e+06,0.18,89.7995032546559,40
"Sudan",174,16,1e+06,0.18,89.7995032546559,41
"Sudan",213,17,1e+06,0.18,89.7995032546559,42
"Sudan",237,21,1e+06,0.18,89.7995032546559,43
"Sudan",275,22,1e+06,0.18,89.7995032546559,44
"Sudan",318,25,1e+06,0.18,89.7995032546559,45
"Sudan",375,28,1e+06,0.18,89.7995032546559,46
"Suriname",10,1,100,0.04,83.4600862991836,37
"Suriname",10,1,100,0.04,83.4600862991836,38
"Suriname",10,1,100,0.04,83.4600862991836,39
"Suriname",10,1,100,0.04,83.4600862991836,40
"Suriname",10,1,100,0.04,83.4600862991836,41
"Suriname",10,1,100,0.04,83.4600862991836,42
"Suriname",10,1,100,0.04,83.4600862991836,43
"Suriname",10,1,100,0.04,83.4600862991836,44
"Suriname",10,1,100,0.04,83.4600862991836,45
"Sweden",15322,1765,20000,0.11,71.0336843539361,80
"Sweden",16004,1937,20000,0.11,71.0336843539361,81
"Sweden",16755,2021,20000,0.11,71.0336843539361,82
"Sweden",17567,2152,20000,0.11,71.0336843539361,83
"Sweden",18177,2192,20000,0.11,71.0336843539361,84
"Sweden",18640,2194,20000,0.11,71.0336843539361,85
"Sweden",18926,2274,20000,0.11,71.0336843539361,86
"Sweden",19621,2355,20000,0.11,71.0336843539361,87
"Sweden",20302,2462,20000,0.11,71.0336843539361,88
"Switzerland",28063,1478,30000,0.15,33.9250618743665,55
"Switzerland",28268,1509,30000,0.15,33.9250618743665,56
"Switzerland",28496,1549,30000,0.15,33.9250618743665,57
"Switzerland",28677,1589,30000,0.15,33.9250618743665,58
"Switzerland",28894,1599,30000,0.15,33.9250618743665,59
"Switzerland",29061,1610,30000,0.15,33.9250618743665,60
"Switzerland",29164,1665,30000,0.15,33.9250618743665,61
"Switzerland",29264,1699,30000,0.15,33.9250618743665,62
"Switzerland",29407,1716,30000,0.15,33.9250618743665,63
"Syria",42,3,100,0.09,29.795136113537,26
"Syria",42,3,100,0.09,29.795136113537,27
"Syria",42,3,100,0.09,29.795136113537,28
"Syria",42,3,100,0.09,29.795136113537,29
"Syria",42,3,100,0.09,29.795136113537,30
"Syria",43,3,100,0.09,29.795136113537,31
"Syria",43,3,100,0.09,29.795136113537,32
"Syria",43,3,100,0.09,29.795136113537,33
"Syria",43,3,100,0.09,29.795136113537,34
"Taiwan*",425,6,500,0.1,66.224109918702,89
"Taiwan*",426,6,500,0.1,66.224109918702,90
"Taiwan*",427,6,500,0.1,66.224109918702,91
"Taiwan*",428,6,500,0.1,66.224109918702,92
"Taiwan*",429,6,500,0.1,66.224109918702,93
"Taiwan*",429,6,500,0.1,66.224109918702,94
"Taiwan*",429,6,500,0.1,66.224109918702,95
"Taiwan*",429,6,500,0.1,66.224109918702,96
"Taiwan*",429,6,500,0.1,66.224109918702,97
"Tanzania",254,10,1e+06,0.2,76.8383485825538,35
"Tanzania",284,10,1e+06,0.2,76.8383485825538,36
"Tanzania",284,10,1e+06,0.2,76.8383485825538,37
"Tanzania",299,10,1e+06,0.2,76.8383485825538,38
"Tanzania",299,10,1e+06,0.2,76.8383485825538,39
"Tanzania",299,10,1e+06,0.2,76.8383485825538,40
"Tanzania",299,10,1e+06,0.2,76.8383485825538,41
"Tanzania",299,10,1e+06,0.2,76.8383485825538,42
"Tanzania",480,16,1e+06,0.2,76.8383485825538,43
"Thailand",2811,48,10000,0.1,89.9999217289892,89
"Thailand",2826,49,10000,0.1,89.9999217289892,90
"Thailand",2839,50,10000,0.1,89.9999217289892,91
"Thailand",2907,51,10000,0.1,89.9999217289892,92
"Thailand",2907,51,10000,0.1,89.9999217289892,93
"Thailand",2922,51,10000,0.1,89.9999217289892,94
"Thailand",2931,52,10000,0.1,89.9999217289892,95
"Thailand",2938,54,10000,0.1,89.9999217289892,96
"Thailand",2947,54,10000,0.1,89.9999217289892,97
"Timor-Leste",23,0,100,0.23,30.9120027340247,26
"Timor-Leste",23,0,100,0.23,30.9120027340247,27
"Timor-Leste",23,0,100,0.23,30.9120027340247,28
"Timor-Leste",24,0,100,0.23,30.9120027340247,29
"Timor-Leste",24,0,100,0.23,30.9120027340247,30
"Timor-Leste",24,0,100,0.23,30.9120027340247,31
"Timor-Leste",24,0,100,0.23,30.9120027340247,32
"Timor-Leste",24,0,100,0.23,30.9120027340247,33
"Timor-Leste",24,0,100,0.23,30.9120027340247,34
"Togo",86,6,100,0.15,29.4903651566662,45
"Togo",88,6,100,0.15,29.4903651566662,46
"Togo",88,6,100,0.15,29.4903651566662,47
"Togo",90,6,100,0.15,29.4903651566662,48
"Togo",96,6,100,0.15,29.4903651566662,49
"Togo",98,6,100,0.15,29.4903651566662,50
"Togo",98,6,100,0.15,29.4903651566662,51
"Togo",99,6,100,0.15,29.4903651566662,52
"Togo",109,7,100,0.15,29.4903651566662,53
"Trinidad and Tobago",115,8,100,0.32,9.72908817829269,37
"Trinidad and Tobago",115,8,100,0.32,9.72908817829269,38
"Trinidad and Tobago",115,8,100,0.32,9.72908817829269,39
"Trinidad and Tobago",115,8,100,0.32,9.72908817829269,40
"Trinidad and Tobago",115,8,100,0.32,9.72908817829269,41
"Trinidad and Tobago",115,8,100,0.32,9.72908817829269,42
"Trinidad and Tobago",116,8,100,0.32,9.72908817829269,43
"Trinidad and Tobago",116,8,100,0.32,9.72908817829269,44
"Trinidad and Tobago",116,8,100,0.32,9.72908817829269,45
"Tunisia",884,38,1000,0.15,31.3820136121086,47
"Tunisia",909,38,1000,0.15,31.3820136121086,48
"Tunisia",918,38,1000,0.15,31.3820136121086,49
"Tunisia",922,38,1000,0.15,31.3820136121086,50
"Tunisia",939,38,1000,0.15,31.3820136121086,51
"Tunisia",949,38,1000,0.15,31.3820136121086,52
"Tunisia",967,39,1000,0.15,31.3820136121086,53
"Tunisia",975,40,1000,0.15,31.3820136121086,54
"Tunisia",980,40,1000,0.15,31.3820136121086,55
"Turkey",95591,2259,110000,0.18,31.63387622178,40
"Turkey",98674,2376,110000,0.18,31.63387622178,41
"Turkey",101790,2491,110000,0.18,31.63387622178,42
"Turkey",104912,2600,110000,0.18,31.63387622178,43
"Turkey",107773,2706,110000,0.18,31.63387622178,44
"Turkey",110130,2805,110000,0.18,31.63387622178,45
"Turkey",112261,2900,110000,0.18,31.63387622178,46
"Turkey",114653,2992,110000,0.18,31.63387622178,47
"Turkey",117589,3081,110000,0.18,31.63387622178,48
"Uganda",61,0,100,0.06,15.7131992270502,26
"Uganda",63,0,100,0.06,15.7131992270502,27
"Uganda",74,0,100,0.06,15.7131992270502,28
"Uganda",75,0,100,0.06,15.7131992270502,29
"Uganda",75,0,100,0.06,15.7131992270502,30
"Uganda",79,0,100,0.06,15.7131992270502,31
"Uganda",79,0,100,0.06,15.7131992270502,32
"Uganda",79,0,100,0.06,15.7131992270502,33
"Uganda",81,0,100,0.06,15.7131992270502,34
"Ukraine",6125,161,10000,0.15,46.183545172463,48
"Ukraine",6592,174,10000,0.15,46.183545172463,49
"Ukraine",7170,187,10000,0.15,46.183545172463,50
"Ukraine",7647,193,10000,0.15,46.183545172463,51
"Ukraine",8125,201,10000,0.15,46.183545172463,52
"Ukraine",8617,209,10000,0.15,46.183545172463,53
"Ukraine",9009,220,10000,0.15,46.183545172463,54
"Ukraine",9410,239,10000,0.15,46.183545172463,55
"Ukraine",9866,250,10000,0.15,46.183545172463,56
"United Arab Emirates",7755,46,10000,0.17,76.1764267715929,82
"United Arab Emirates",8238,52,10000,0.17,76.1764267715929,83
"United Arab Emirates",8756,56,10000,0.17,76.1764267715929,84
"United Arab Emirates",9281,64,10000,0.17,76.1764267715929,85
"United Arab Emirates",9813,71,10000,0.17,76.1764267715929,86
"United Arab Emirates",10349,76,10000,0.17,76.1764267715929,87
"United Arab Emirates",10839,82,10000,0.17,76.1764267715929,88
"United Arab Emirates",11380,89,10000,0.17,76.1764267715929,89
"United Arab Emirates",11929,98,10000,0.17,76.1764267715929,90
"United Kingdom",130172,17378,150000,0.16,70.2244879022873,80
"United Kingdom",134638,18151,150000,0.16,70.2244879022873,81
"United Kingdom",139246,18791,150000,0.16,70.2244879022873,82
"United Kingdom",144640,19567,150000,0.16,70.2244879022873,83
"United Kingdom",149569,20381,150000,0.16,70.2244879022873,84
"United Kingdom",154037,20794,150000,0.16,70.2244879022873,85
"United Kingdom",158348,21157,150000,0.16,70.2244879022873,86
"United Kingdom",162350,21745,150000,0.16,70.2244879022873,87
"United Kingdom",166441,26166,150000,0.16,70.2244879022873,88
"Uruguay",535,11,500,0.2,13.7465375982728,37
"Uruguay",543,12,500,0.2,13.7465375982728,38
"Uruguay",557,12,500,0.2,13.7465375982728,39
"Uruguay",563,12,500,0.2,13.7465375982728,40
"Uruguay",596,14,500,0.2,13.7465375982728,41
"Uruguay",606,15,500,0.2,13.7465375982728,42
"Uruguay",620,15,500,0.2,13.7465375982728,43
"Uruguay",625,15,500,0.2,13.7465375982728,44
"Uruguay",630,15,500,0.2,13.7465375982728,45
"US",802927,43649,850000,0.17,43.8412506496549,56
"US",833210,45968,850000,0.17,43.8412506496549,57
"US",862399,49068,850000,0.17,43.8412506496549,58
"US",898682,50843,850000,0.17,43.8412506496549,59
"US",930997,53207,850000,0.17,43.8412506496549,60
"US",958266,54169,850000,0.17,43.8412506496549,61
"US",980622,55734,850000,0.17,43.8412506496549,62
"US",1005261,57809,850000,0.17,43.8412506496549,63
"US",1032730,60422,850000,0.17,43.8412506496549,64
"Uzbekistan",1678,6,10000,0.12,48.2895156229198,36
"Uzbekistan",1716,7,10000,0.12,48.2895156229198,37
"Uzbekistan",1758,7,10000,0.12,48.2895156229198,38
"Uzbekistan",1804,8,10000,0.12,48.2895156229198,39
"Uzbekistan",1862,8,10000,0.12,48.2895156229198,40
"Uzbekistan",1869,8,10000,0.12,48.2895156229198,41
"Uzbekistan",1904,8,10000,0.12,48.2895156229198,42
"Uzbekistan",1939,8,10000,0.12,48.2895156229198,43
"Uzbekistan",2002,9,10000,0.12,48.2895156229198,44
"Venezuela",285,10,500,0.06,37.1182908830193,37
"Venezuela",288,10,500,0.06,37.1182908830193,38
"Venezuela",311,10,500,0.06,37.1182908830193,39
"Venezuela",318,10,500,0.06,37.1182908830193,40
"Venezuela",323,10,500,0.06,37.1182908830193,41
"Venezuela",325,10,500,0.06,37.1182908830193,42
"Venezuela",329,10,500,0.06,37.1182908830193,43
"Venezuela",329,10,500,0.06,37.1182908830193,44
"Venezuela",331,10,500,0.06,37.1182908830193,45
"Vietnam",268,0,500,0.07,77.555086688253,88
"Vietnam",268,0,500,0.07,77.555086688253,89
"Vietnam",268,0,500,0.07,77.555086688253,90
"Vietnam",270,0,500,0.07,77.555086688253,91
"Vietnam",270,0,500,0.07,77.555086688253,92
"Vietnam",270,0,500,0.07,77.555086688253,93
"Vietnam",270,0,500,0.07,77.555086688253,94
"Vietnam",270,0,500,0.07,77.555086688253,95
"Vietnam",270,0,500,0.07,77.555086688253,96
"West Bank and Gaza",466,4,1000,0.08,27.2749317719276,25
"West Bank and Gaza",474,4,1000,0.08,27.2749317719276,26
"West Bank and Gaza",480,4,1000,0.08,27.2749317719276,27
"West Bank and Gaza",484,4,1000,0.08,27.2749317719276,28
"West Bank and Gaza",342,2,1000,0.08,27.2749317719276,29
"West Bank and Gaza",342,2,1000,0.08,27.2749317719276,30
"West Bank and Gaza",342,2,1000,0.08,27.2749317719276,31
"West Bank and Gaza",343,2,1000,0.08,27.2749317719276,32
"West Bank and Gaza",344,2,1000,0.08,27.2749317719276,33
"Western Sahara",6,0,100,0.04,80.8825972325907,15
"Western Sahara",6,0,100,0.04,80.8825972325907,16
"Western Sahara",6,0,100,0.04,80.8825972325907,17
"Western Sahara",6,0,100,0.04,80.8825972325907,18
"Western Sahara",6,0,100,0.04,80.8825972325907,19
"Western Sahara",6,0,100,0.04,80.8825972325907,20
"Western Sahara",6,0,100,0.04,80.8825972325907,21
"Western Sahara",6,0,100,0.04,80.8825972325907,22
"Western Sahara",6,0,100,0.04,80.8825972325907,23
"Yemen",1,0,100,0.06,82.4525418706232,10
"Yemen",1,0,100,0.06,82.4525418706232,11
"Yemen",1,0,100,0.06,82.4525418706232,12
"Yemen",1,0,100,0.06,82.4525418706232,13
"Yemen",1,0,100,0.06,82.4525418706232,14
"Yemen",1,0,100,0.06,82.4525418706232,15
"Yemen",1,0,100,0.06,82.4525418706232,16
"Yemen",1,0,100,0.06,82.4525418706232,17
"Yemen",6,0,100,0.06,82.4525418706232,18
"Zambia",70,3,100,0.08,26.8573881424746,33
"Zambia",74,3,100,0.08,26.8573881424746,34
"Zambia",76,3,100,0.08,26.8573881424746,35
"Zambia",84,3,100,0.08,26.8573881424746,36
"Zambia",84,3,100,0.08,26.8573881424746,37
"Zambia",88,3,100,0.08,26.8573881424746,38
"Zambia",88,3,100,0.08,26.8573881424746,39
"Zambia",95,3,100,0.08,26.8573881424746,40
"Zambia",97,3,100,0.08,26.8573881424746,41
"Zimbabwe",28,3,1000,0.07,77.0002048942379,26
"Zimbabwe",28,4,1000,0.07,77.0002048942379,27
"Zimbabwe",28,4,1000,0.07,77.0002048942379,28
"Zimbabwe",29,4,1000,0.07,77.0002048942379,29
"Zimbabwe",31,4,1000,0.07,77.0002048942379,30
"Zimbabwe",31,4,1000,0.07,77.0002048942379,31
"Zimbabwe",32,4,1000,0.07,77.0002048942379,32
"Zimbabwe",32,4,1000,0.07,77.0002048942379,33
"Zimbabwe",32,4,1000,0.07,77.0002048942379,34
